Date,Workout Name,Duration,Exercise Name,Set Order,Weight,Reps,Distance,Seconds,Notes,Workout Notes,RPE
2022-10-16 00:16:36,"Shoulders",28min,"Seated Overhead Press (Barbell)",1,35.0,15,0,0,"","",
2022-10-16 00:16:36,"Shoulders",28min,"Seated Overhead Press (Barbell)",2,45.0,12,0,0,,,
2022-10-16 00:16:36,"Shoulders",28min,"Seated Overhead Press (Barbell)",3,50.00000000000001,10,0,0,,,
2022-10-16 00:16:36,"Shoulders",28min,"Seated Overhead Press (Barbell)",4,50.0,10,0,0,,,
2022-10-16 00:16:36,"Shoulders",28min,"Seated Overhead Press (Barbell)",5,50.0,8,0,0,,,
2022-10-16 00:16:36,"Shoulders",28min,"Seated Overhead Press (Barbell)",6,45.0,8,0,0,,,
2022-10-16 00:16:36,"Shoulders",28min,"Seated Overhead Press (Barbell)",7,35.0,12,0,0,,,
2022-10-16 21:04:22,"Biceps",40min,"Bicep Curl (Barbell)",1,25.0,10,0,0,"","",
2022-10-16 21:04:22,"Biceps",40min,"Bicep Curl (Barbell)",2,30.0,10,0,0,,,
2022-10-16 21:04:22,"Biceps",40min,"Bicep Curl (Barbell)",3,35.0,10,0,0,,,
2022-10-16 21:04:22,"Biceps",40min,"Bicep Curl (Barbell)",4,40.0,10,0,0,,,
2022-10-16 21:04:22,"Biceps",40min,"Bicep Curl (Barbell)",5,40.0,8,0,0,,,
2022-10-16 21:04:22,"Biceps",40min,"Bicep Curl (Barbell)",6,40.0,6,0,0,,,
2022-10-16 21:04:22,"Biceps",40min,"Bicep Curl (Barbell)",7,35.0,7,0,0,,,
2022-10-16 21:04:22,"Biceps",40min,"Bicep Curl (Barbell)",8,30.0,6,0,0,,,
2022-10-16 21:04:22,"Biceps",40min,"Bicep Curl (Barbell)",9,25.0,12,0,0,,,
2022-10-17 22:49:49,"Legs",24min,"Squat (Barbell)",1,65.0,10,0,0,"","",
2022-10-17 22:49:49,"Legs",24min,"Squat (Barbell)",2,85.0,10,0,0,,,
2022-10-17 22:49:49,"Legs",24min,"Squat (Barbell)",3,105.0,10,0,0,,,
2022-10-17 22:49:49,"Legs",24min,"Squat (Barbell)",4,105.0,10,0,0,,,
2022-10-17 22:49:49,"Legs",24min,"Squat (Barbell)",5,105.0,8,0,0,,,
2022-10-17 22:49:49,"Legs",24min,"Squat (Barbell)",6,95.0,8,0,0,,,
2022-10-17 22:49:49,"Legs",24min,"Squat (Barbell)",7,74.99999999999999,10,0,0,,,
2022-10-18 22:35:44,"Chest",14h 53min,"Bench Press (Barbell)",1,65.0,10,0,0,"","",
2022-10-18 22:35:44,"Chest",14h 53min,"Bench Press (Barbell)",2,74.99999999999999,10,0,0,,,
2022-10-18 22:35:44,"Chest",14h 53min,"Bench Press (Barbell)",3,85.0,10,0,0,,,
2022-10-18 22:35:44,"Chest",14h 53min,"Bench Press (Barbell)",4,90.0,10,0,0,,,
2022-10-18 22:35:44,"Chest",14h 53min,"Bench Press (Barbell)",5,90.0,8,0,0,,,
2022-10-18 22:35:44,"Chest",14h 53min,"Bench Press (Barbell)",6,85.0,10,0,0,,,
2022-10-18 22:35:44,"Chest",14h 53min,"Bench Press (Barbell)",7,74.99999999999999,8,0,0,,,
2022-10-18 22:35:44,"Chest",14h 53min,"Bench Press (Barbell)",8,65.0,10,0,0,,,
2022-10-20 21:01:48,"Biceps",1h 1min,"Bicep Curl (Barbell)",1,25.0,10,0,0,"","",
2022-10-20 21:01:48,"Biceps",1h 1min,"Bicep Curl (Barbell)",2,30.0,10,0,0,,,
2022-10-20 21:01:48,"Biceps",1h 1min,"Bicep Curl (Barbell)",3,35.0,10,0,0,,,
2022-10-20 21:01:48,"Biceps",1h 1min,"Bicep Curl (Barbell)",4,40.0,10,0,0,,,
2022-10-20 21:01:48,"Biceps",1h 1min,"Bicep Curl (Barbell)",5,40.0,10,0,0,,,
2022-10-20 21:01:48,"Biceps",1h 1min,"Bicep Curl (Barbell)",6,40.0,8,0,0,,,
2022-10-20 21:01:48,"Biceps",1h 1min,"Bicep Curl (Barbell)",7,35.0,8,0,0,,,
2022-10-20 21:01:48,"Biceps",1h 1min,"Bicep Curl (Barbell)",8,30.0,8,0,0,,,
2022-10-20 21:01:48,"Biceps",1h 1min,"Bicep Curl (Barbell)",9,25.0,12,0,0,,,
2022-10-24 20:04:35,"Chest",54min,"Bench Press (Barbell)",1,65.0,10,0,0,"","",
2022-10-24 20:04:35,"Chest",54min,"Bench Press (Barbell)",2,74.99999999999999,10,0,0,,,
2022-10-24 20:04:35,"Chest",54min,"Bench Press (Barbell)",3,85.0,10,0,0,,,
2022-10-24 20:04:35,"Chest",54min,"Bench Press (Barbell)",4,95.0,10,0,0,,,
2022-10-24 20:04:35,"Chest",54min,"Bench Press (Barbell)",5,95.0,9,0,0,,,
2022-10-24 20:04:35,"Chest",54min,"Bench Press (Barbell)",6,90.0,9,0,0,,,
2022-10-24 20:04:35,"Chest",54min,"Bench Press (Barbell)",7,80.0,9,0,0,,,
2022-10-24 20:04:35,"Chest",54min,"Bench Press (Barbell)",8,70.0,8,0,0,,,
2022-10-25 19:57:26,"Biceps",40min,"Bicep Curl (Barbell)",1,25.0,10,0,0,"","",
2022-10-25 19:57:26,"Biceps",40min,"Bicep Curl (Barbell)",2,35.0,10,0,0,,,
2022-10-25 19:57:26,"Biceps",40min,"Bicep Curl (Barbell)",3,40.0,10,0,0,,,
2022-10-25 19:57:26,"Biceps",40min,"Bicep Curl (Barbell)",4,45.0,8,0,0,,,
2022-10-25 19:57:26,"Biceps",40min,"Bicep Curl (Barbell)",5,45.0,7,0,0,,,
2022-10-25 19:57:26,"Biceps",40min,"Bicep Curl (Barbell)",6,45.0,6,0,0,,,
2022-10-25 19:57:26,"Biceps",40min,"Bicep Curl (Barbell)",7,40.0,5,0,0,,,
2022-10-25 19:57:26,"Biceps",40min,"Bicep Curl (Barbell)",8,35.0,8,0,0,,,
2022-10-25 19:57:26,"Biceps",40min,"Bicep Curl (Barbell)",9,30.0,10,0,0,,,
2022-10-25 19:57:26,"Biceps",40min,"Bicep Curl (Barbell)",1,25.0,10,0,0,"","",
2022-10-25 19:57:26,"Biceps",40min,"Bicep Curl (Barbell)",2,35.0,10,0,0,,,
2022-10-25 19:57:26,"Biceps",40min,"Bicep Curl (Barbell)",3,40.0,10,0,0,,,
2022-10-25 19:57:26,"Biceps",40min,"Bicep Curl (Barbell)",4,45.0,8,0,0,,,
2022-10-25 19:57:26,"Biceps",40min,"Bicep Curl (Barbell)",5,45.0,7,0,0,,,
2022-10-25 19:57:26,"Biceps",40min,"Bicep Curl (Barbell)",6,45.0,6,0,0,,,
2022-10-25 19:57:26,"Biceps",40min,"Bicep Curl (Barbell)",7,40.0,5,0,0,,,
2022-10-25 19:57:26,"Biceps",40min,"Bicep Curl (Barbell)",8,35.0,8,0,0,,,
2022-10-25 19:57:26,"Biceps",40min,"Bicep Curl (Barbell)",9,30.0,10,0,0,,,
2022-10-27 21:27:44,"Deadlift",56min,"Deadlift (Barbell)",1,105.0,10,0,0,"","",
2022-10-27 21:27:44,"Deadlift",56min,"Deadlift (Barbell)",2,125.0,10,0,0,,,
2022-10-27 21:27:44,"Deadlift",56min,"Deadlift (Barbell)",3,145.0,8,0,0,,,
2022-10-27 21:27:44,"Deadlift",56min,"Deadlift (Barbell)",4,155.0,8,0,0,,,
2022-10-27 21:27:44,"Deadlift",56min,"Deadlift (Barbell)",5,155.0,8,0,0,,,
2022-10-27 21:27:44,"Deadlift",56min,"Deadlift (Barbell)",6,145.0,8,0,0,,,
2022-10-27 21:27:44,"Deadlift",56min,"Deadlift (Barbell)",7,125.0,10,0,0,,,
2022-10-27 21:27:44,"Deadlift",56min,"Deadlift (Barbell)",8,105.0,10,0,0,,,
2022-10-29 19:42:52,"Shoulders",34min,"Seated Overhead Press (Barbell)",1,35.0,10,0,0,"","",
2022-10-29 19:42:52,"Shoulders",34min,"Seated Overhead Press (Barbell)",2,45.0,10,0,0,,,
2022-10-29 19:42:52,"Shoulders",34min,"Seated Overhead Press (Barbell)",3,55.0,10,0,0,,,
2022-10-29 19:42:52,"Shoulders",34min,"Seated Overhead Press (Barbell)",4,60.0,8,0,0,,,
2022-10-29 19:42:52,"Shoulders",34min,"Seated Overhead Press (Barbell)",5,60.0,8,0,0,,,
2022-10-29 19:42:52,"Shoulders",34min,"Seated Overhead Press (Barbell)",6,50.0,8,0,0,,,
2022-10-29 19:42:52,"Shoulders",34min,"Seated Overhead Press (Barbell)",7,35.0,10,0,0,,,
2022-11-07 19:08:37,"Chest",36min,"Bench Press (Barbell)",1,65.0,10,0,0,"","",
2022-11-07 19:08:37,"Chest",36min,"Bench Press (Barbell)",2,74.99999999999999,10,0,0,,,
2022-11-07 19:08:37,"Chest",36min,"Bench Press (Barbell)",3,85.0,10,0,0,,,
2022-11-07 19:08:37,"Chest",36min,"Bench Press (Barbell)",4,100.0,10,0,0,,,
2022-11-07 19:08:37,"Chest",36min,"Bench Press (Barbell)",5,100.0,10,0,0,,,
2022-11-07 19:08:37,"Chest",36min,"Bench Press (Barbell)",6,95.0,10,0,0,,,
2022-11-07 19:08:37,"Chest",36min,"Bench Press (Barbell)",7,85.0,9,0,0,,,
2022-11-07 19:08:37,"Chest",36min,"Bench Press (Barbell)",8,74.99999999999999,10,0,0,,,
2022-11-09 22:18:25,"Shoulders",36min,"Seated Overhead Press (Barbell)",1,35.0,10,0,0,"","",
2022-11-09 22:18:25,"Shoulders",36min,"Seated Overhead Press (Barbell)",2,50.0,10,0,0,,,
2022-11-09 22:18:25,"Shoulders",36min,"Seated Overhead Press (Barbell)",3,60.0,10,0,0,,,
2022-11-09 22:18:25,"Shoulders",36min,"Seated Overhead Press (Barbell)",4,65.0,7,0,0,,,
2022-11-09 22:18:25,"Shoulders",36min,"Seated Overhead Press (Barbell)",5,65.0,5,0,0,,,
2022-11-09 22:18:25,"Shoulders",36min,"Seated Overhead Press (Barbell)",6,55.0,9,0,0,,,
2022-11-09 22:18:25,"Shoulders",36min,"Seated Overhead Press (Barbell)",7,45.0,8,0,0,,,
2022-11-14 19:37:22,"Chest Incline",32min,"Incline Bench Press (Barbell)",1,65.0,10,0,0,"","",
2022-11-14 19:37:22,"Chest Incline",32min,"Incline Bench Press (Barbell)",2,74.99999999999999,10,0,0,,,
2022-11-14 19:37:22,"Chest Incline",32min,"Incline Bench Press (Barbell)",3,85.0,10,0,0,,,
2022-11-14 19:37:22,"Chest Incline",32min,"Incline Bench Press (Barbell)",4,95.0,10,0,0,,,
2022-11-14 19:37:22,"Chest Incline",32min,"Incline Bench Press (Barbell)",5,100.0,10,0,0,,,
2022-11-14 19:37:22,"Chest Incline",32min,"Incline Bench Press (Barbell)",6,100.0,8,0,0,,,
2022-11-14 19:37:22,"Chest Incline",32min,"Incline Bench Press (Barbell)",7,85.0,8,0,0,,,
2022-11-14 19:37:22,"Chest Incline",32min,"Incline Bench Press (Barbell)",8,74.99999999999999,9,0,0,,,
2022-11-15 20:10:35,"Biceps",41min,"Bicep Curl (Barbell)",1,25.0,10,0,0,"","",
2022-11-15 20:10:35,"Biceps",41min,"Bicep Curl (Barbell)",2,35.0,10,0,0,,,
2022-11-15 20:10:35,"Biceps",41min,"Bicep Curl (Barbell)",3,40.0,10,0,0,,,
2022-11-15 20:10:35,"Biceps",41min,"Bicep Curl (Barbell)",4,45.0,10,0,0,,,
2022-11-15 20:10:35,"Biceps",41min,"Bicep Curl (Barbell)",5,45.0,8,0,0,,,
2022-11-15 20:10:35,"Biceps",41min,"Bicep Curl (Barbell)",6,45.0,7,0,0,,,
2022-11-15 20:10:35,"Biceps",41min,"Bicep Curl (Barbell)",7,40.0,7,0,0,,,
2022-11-15 20:10:35,"Biceps",41min,"Bicep Curl (Barbell)",8,35.0,10,0,0,,,
2022-11-15 20:10:35,"Biceps",41min,"Bicep Curl (Barbell)",9,35.0,8,0,0,,,
2022-11-21 20:37:28,"Chest",1h 12min,"Bench Press (Barbell)",1,65.0,10,0,0,"","",
2022-11-21 20:37:28,"Chest",1h 12min,"Bench Press (Barbell)",2,85.0,10,0,0,,,
2022-11-21 20:37:28,"Chest",1h 12min,"Bench Press (Barbell)",3,100.00000000000001,10,0,0,,,
2022-11-21 20:37:28,"Chest",1h 12min,"Bench Press (Barbell)",4,115.0,8,0,0,,,
2022-11-21 20:37:28,"Chest",1h 12min,"Bench Press (Barbell)",5,115.0,8,0,0,,,
2022-11-21 20:37:28,"Chest",1h 12min,"Bench Press (Barbell)",6,105.0,7,0,0,,,
2022-11-21 20:37:28,"Chest",1h 12min,"Bench Press (Barbell)",7,95.0,6,0,0,,,
2022-11-21 20:37:28,"Chest",1h 12min,"Bench Press (Barbell)",8,85.0,10,0,0,,,
2022-11-22 22:07:37,"Biceps",39min,"Bicep Curl (Barbell)",1,25.0,10,0,0,"","",
2022-11-22 22:07:37,"Biceps",39min,"Bicep Curl (Barbell)",2,40.0,10,0,0,,,
2022-11-22 22:07:37,"Biceps",39min,"Bicep Curl (Barbell)",3,50.0,10,0,0,,,
2022-11-22 22:07:37,"Biceps",39min,"Bicep Curl (Barbell)",4,50.0,7,0,0,,,
2022-11-22 22:07:37,"Biceps",39min,"Bicep Curl (Barbell)",5,50.0,7,0,0,,,
2022-11-22 22:07:37,"Biceps",39min,"Bicep Curl (Barbell)",6,45.0,8,0,0,,,
2022-11-22 22:07:37,"Biceps",39min,"Bicep Curl (Barbell)",7,45.0,7,0,0,,,
2022-11-22 22:07:37,"Biceps",39min,"Bicep Curl (Barbell)",8,40.0,7,0,0,,,
2022-11-22 22:07:37,"Biceps",39min,"Bicep Curl (Barbell)",9,40.0,6,0,0,,,
2022-11-27 19:09:05,"Chest",27min,"Bench Press (Barbell)",1,65.0,10,0,0,"","",
2022-11-27 19:09:05,"Chest",27min,"Bench Press (Barbell)",2,85.0,10,0,0,,,
2022-11-27 19:09:05,"Chest",27min,"Bench Press (Barbell)",3,105.0,10,0,0,,,
2022-11-27 19:09:05,"Chest",27min,"Bench Press (Barbell)",4,115.0,8,0,0,,,
2022-11-27 19:09:05,"Chest",27min,"Bench Press (Barbell)",5,115.0,5,0,0,,,
2022-11-27 19:09:05,"Chest",27min,"Bench Press (Barbell)",6,105.0,6,0,0,,,
2022-11-27 19:09:05,"Chest",27min,"Bench Press (Barbell)",7,95.0,7,0,0,,,
2022-11-27 19:09:05,"Chest",27min,"Bench Press (Barbell)",8,85.0,8,0,0,,,
2022-11-29 21:29:41,"Biceps",48h 25min,"Bicep Curl (Barbell)",1,25.0,10,0,0,"","",
2022-11-29 21:29:41,"Biceps",48h 25min,"Bicep Curl (Barbell)",2,40.0,10,0,0,,,
2022-11-29 21:29:41,"Biceps",48h 25min,"Bicep Curl (Barbell)",3,50.0,10,0,0,,,
2022-11-29 21:29:41,"Biceps",48h 25min,"Bicep Curl (Barbell)",4,50.0,7,0,0,,,
2022-11-29 21:29:41,"Biceps",48h 25min,"Bicep Curl (Barbell)",5,45.0,7,0,0,,,
2022-11-29 21:29:41,"Biceps",48h 25min,"Bicep Curl (Barbell)",6,45.0,5,0,0,,,
2022-11-29 21:29:41,"Biceps",48h 25min,"Bicep Curl (Barbell)",7,40.0,7,0,0,,,
2022-11-29 21:29:41,"Biceps",48h 25min,"Bicep Curl (Barbell)",8,40.0,6,0,0,,,
2022-11-29 21:29:41,"Biceps",48h 25min,"Bicep Curl (Barbell)",9,35.0,8,0,0,,,
2022-12-01 21:57:21,"Chest",38min,"Bench Press (Barbell)",1,65.0,10,0,0,"","",
2022-12-01 21:57:21,"Chest",38min,"Bench Press (Barbell)",2,85.0,10,0,0,,,
2022-12-01 21:57:21,"Chest",38min,"Bench Press (Barbell)",3,105.0,10,0,0,,,
2022-12-01 21:57:21,"Chest",38min,"Bench Press (Barbell)",4,120.0,6,0,0,,,
2022-12-01 21:57:21,"Chest",38min,"Bench Press (Barbell)",5,115.0,5,0,0,,,
2022-12-01 21:57:21,"Chest",38min,"Bench Press (Barbell)",6,105.0,6,0,0,,,
2022-12-01 21:57:21,"Chest",38min,"Bench Press (Barbell)",7,95.0,5,0,0,,,
2022-12-01 21:57:21,"Chest",38min,"Bench Press (Barbell)",8,85.0,8,0,0,,,
2022-12-04 20:45:56,"Biceps",2h 10min,"Bicep Curl (Barbell)",1,25.0,10,0,0,"","",
2022-12-04 20:45:56,"Biceps",2h 10min,"Bicep Curl (Barbell)",2,40.0,10,0,0,,,
2022-12-04 20:45:56,"Biceps",2h 10min,"Bicep Curl (Barbell)",3,50.0,10,0,0,,,
2022-12-04 20:45:56,"Biceps",2h 10min,"Bicep Curl (Barbell)",4,50.0,10,0,0,,,
2022-12-04 20:45:56,"Biceps",2h 10min,"Bicep Curl (Barbell)",5,50.0,7,0,0,,,
2022-12-04 20:45:56,"Biceps",2h 10min,"Bicep Curl (Barbell)",6,45.0,8,0,0,,,
2022-12-04 20:45:56,"Biceps",2h 10min,"Bicep Curl (Barbell)",7,45.0,8,0,0,,,
2022-12-04 20:45:56,"Biceps",2h 10min,"Bicep Curl (Barbell)",8,40.0,10,0,0,,,
2022-12-04 20:45:56,"Biceps",2h 10min,"Bicep Curl (Barbell)",9,40.0,8,0,0,,,
2022-12-05 20:37:01,"Chest",1h 3min,"Bench Press (Barbell)",1,65.0,10,0,0,"","",
2022-12-05 20:37:01,"Chest",1h 3min,"Bench Press (Barbell)",2,85.0,10,0,0,,,
2022-12-05 20:37:01,"Chest",1h 3min,"Bench Press (Barbell)",3,105.0,10,0,0,,,
2022-12-05 20:37:01,"Chest",1h 3min,"Bench Press (Barbell)",4,120.0,10,0,0,,,
2022-12-05 20:37:01,"Chest",1h 3min,"Bench Press (Barbell)",5,120.0,6,0,0,,,
2022-12-05 20:37:01,"Chest",1h 3min,"Bench Press (Barbell)",6,115.0,6,0,0,,,
2022-12-05 20:37:01,"Chest",1h 3min,"Bench Press (Barbell)",7,105.0,8,0,0,,,
2022-12-05 20:37:01,"Chest",1h 3min,"Bench Press (Barbell)",8,105.0,6,0,0,,,
2022-12-09 22:40:09,"Chest",43min,"Bench Press (Barbell)",1,65.0,10,0,0,"","",
2022-12-09 22:40:09,"Chest",43min,"Bench Press (Barbell)",2,85.0,10,0,0,,,
2022-12-09 22:40:09,"Chest",43min,"Bench Press (Barbell)",3,125.0,10,0,0,,,
2022-12-09 22:40:09,"Chest",43min,"Bench Press (Barbell)",4,125.0,6,0,0,,,
2022-12-09 22:40:09,"Chest",43min,"Bench Press (Barbell)",5,115.0,9,0,0,,,
2022-12-09 22:40:09,"Chest",43min,"Bench Press (Barbell)",6,115.0,6,0,0,,,
2022-12-09 22:40:09,"Chest",43min,"Bench Press (Barbell)",7,105.0,7,0,0,,,
2022-12-12 23:27:48,"Biceps",1h 21min,"Bicep Curl (Barbell)",1,15.0,10,0,0,"","",
2022-12-12 23:27:48,"Biceps",1h 21min,"Bicep Curl (Barbell)",2,35.0,10,0,0,,,
2022-12-12 23:27:48,"Biceps",1h 21min,"Bicep Curl (Barbell)",3,55.0,10,0,0,,,
2022-12-12 23:27:48,"Biceps",1h 21min,"Bicep Curl (Barbell)",4,55.0,5,0,0,,,
2022-12-12 23:27:48,"Biceps",1h 21min,"Bicep Curl (Barbell)",5,50.0,6,0,0,,,
2022-12-12 23:27:48,"Biceps",1h 21min,"Bicep Curl (Barbell)",6,50.0,6,0,0,,,
2022-12-12 23:27:48,"Biceps",1h 21min,"Bicep Curl (Barbell)",7,45.0,9,0,0,,,
2022-12-12 23:27:48,"Biceps",1h 21min,"Bicep Curl (Barbell)",8,45.0,6,0,0,,,
2022-12-13 22:42:38,"Chest",43min,"Bench Press (Barbell)",1,65.0,10,0,0,"","",
2022-12-13 22:42:38,"Chest",43min,"Bench Press (Barbell)",2,85.0,10,0,0,,,
2022-12-13 22:42:38,"Chest",43min,"Bench Press (Barbell)",3,125.0,10,0,0,,,
2022-12-13 22:42:38,"Chest",43min,"Bench Press (Barbell)",4,125.0,6,0,0,,,
2022-12-13 22:42:38,"Chest",43min,"Bench Press (Barbell)",5,115.0,8,0,0,,,
2022-12-13 22:42:38,"Chest",43min,"Bench Press (Barbell)",6,115.0,8,0,0,,,
2022-12-13 22:42:38,"Chest",43min,"Bench Press (Barbell)",7,105.0,6,0,0,,,
2022-12-15 16:31:35,"Biceps",47min,"Bicep Curl (Barbell)",1,15.0,10,0,0,"","",
2022-12-15 16:31:35,"Biceps",47min,"Bicep Curl (Barbell)",2,35.0,10,0,0,,,
2022-12-15 16:31:35,"Biceps",47min,"Bicep Curl (Barbell)",3,55.0,8,0,0,,,
2022-12-15 16:31:35,"Biceps",47min,"Bicep Curl (Barbell)",4,55.0,7,0,0,,,
2022-12-15 16:31:35,"Biceps",47min,"Bicep Curl (Barbell)",5,50.0,5,0,0,,,
2022-12-15 16:31:35,"Biceps",47min,"Bicep Curl (Barbell)",6,50.0,5,0,0,,,
2022-12-15 16:31:35,"Biceps",47min,"Bicep Curl (Barbell)",7,45.0,9,0,0,,,
2022-12-15 16:31:35,"Biceps",47min,"Bicep Curl (Barbell)",8,45.0,7,0,0,,,
2022-12-20 21:36:43,"Biceps",52min,"Bicep Curl (Barbell)",1,15.0,10,0,0,"","",
2022-12-20 21:36:43,"Biceps",52min,"Bicep Curl (Barbell)",2,35.0,10,0,0,,,
2022-12-20 21:36:43,"Biceps",52min,"Bicep Curl (Barbell)",3,55.0,10,0,0,,,
2022-12-20 21:36:43,"Biceps",52min,"Bicep Curl (Barbell)",4,55.0,8,0,0,,,
2022-12-20 21:36:43,"Biceps",52min,"Bicep Curl (Barbell)",5,50.0,6,0,0,,,
2022-12-20 21:36:43,"Biceps",52min,"Bicep Curl (Barbell)",6,50.0,6,0,0,,,
2022-12-20 21:36:43,"Biceps",52min,"Bicep Curl (Barbell)",7,45.0,8,0,0,,,
2022-12-20 21:36:43,"Biceps",52min,"Bicep Curl (Barbell)",8,45.0,7,0,0,,,
2022-12-21 22:28:01,"Deadlift",51min,"Bent Over Row (Barbell)",1,25.0,10,0,0,"","",
2022-12-21 22:28:01,"Deadlift",51min,"Bent Over Row (Barbell)",2,45.0,10,0,0,,,
2022-12-21 22:28:01,"Deadlift",51min,"Bent Over Row (Barbell)",3,50.0,10,0,0,,,
2022-12-21 22:28:01,"Deadlift",51min,"Bent Over Row (Barbell)",4,50.0,10,0,0,,,
2022-12-21 22:28:01,"Deadlift",51min,"Bent Over Row (Barbell)",5,50.0,10,0,0,,,
2022-12-21 22:28:01,"Deadlift",51min,"Bent Over Row (Barbell)",6,50.0,10,0,0,,,
2022-12-21 22:28:01,"Deadlift",51min,"Bent Over Row (Barbell)",7,50.0,10,0,0,,,
2022-12-23 21:47:23,"Chest",34min,"Bench Press (Barbell)",1,65.0,10,0,0,"","",
2022-12-23 21:47:23,"Chest",34min,"Bench Press (Barbell)",2,85.0,10,0,0,,,
2022-12-23 21:47:23,"Chest",34min,"Bench Press (Barbell)",3,125.0,10,0,0,,,
2022-12-23 21:47:23,"Chest",34min,"Bench Press (Barbell)",4,125.0,5,0,0,,,
2022-12-23 21:47:23,"Chest",34min,"Bench Press (Barbell)",5,115.0,7,0,0,,,
2022-12-23 21:47:23,"Chest",34min,"Bench Press (Barbell)",6,115.0,7,0,0,,,
2022-12-23 21:47:23,"Chest",34min,"Bench Press (Barbell)",7,105.0,6,0,0,,,
2022-12-27 21:25:34,"Chest",48min,"Bench Press (Barbell)",1,65.0,10,0,0,"","",
2022-12-27 21:25:34,"Chest",48min,"Bench Press (Barbell)",2,85.0,10,0,0,,,
2022-12-27 21:25:34,"Chest",48min,"Bench Press (Barbell)",3,125.0,10,0,0,,,
2022-12-27 21:25:34,"Chest",48min,"Bench Press (Barbell)",4,125.0,6,0,0,,,
2022-12-27 21:25:34,"Chest",48min,"Bench Press (Barbell)",5,115.0,8,0,0,,,
2022-12-27 21:25:34,"Chest",48min,"Bench Press (Barbell)",6,115.0,8,0,0,,,
2022-12-27 21:25:34,"Chest",48min,"Bench Press (Barbell)",7,105.0,8,0,0,,,
2022-12-30 19:37:14,"Chest",49min,"Bench Press (Barbell)",1,65.0,10,0,0,"","",
2022-12-30 19:37:14,"Chest",49min,"Bench Press (Barbell)",2,85.0,10,0,0,,,
2022-12-30 19:37:14,"Chest",49min,"Bench Press (Barbell)",3,130.0,8,0,0,,,
2022-12-30 19:37:14,"Chest",49min,"Bench Press (Barbell)",4,130.0,5,0,0,,,
2022-12-30 19:37:14,"Chest",49min,"Bench Press (Barbell)",5,120.0,7,0,0,,,
2022-12-30 19:37:14,"Chest",49min,"Bench Press (Barbell)",6,115.0,8,0,0,,,
2022-12-30 19:37:14,"Chest",49min,"Bench Press (Barbell)",7,105.0,7,0,0,,,
2022-12-30 19:37:14,"Chest",49min,"Bench Press (Barbell)",8,95.0,7,0,0,,,
2022-12-30 19:37:14,"Chest",49min,"Bench Press (Barbell)",1,65.0,10,0,0,"","",
2022-12-30 19:37:14,"Chest",49min,"Bench Press (Barbell)",2,85.0,10,0,0,,,
2022-12-30 19:37:14,"Chest",49min,"Bench Press (Barbell)",3,130.0,8,0,0,,,
2022-12-30 19:37:14,"Chest",49min,"Bench Press (Barbell)",4,130.0,5,0,0,,,
2022-12-30 19:37:14,"Chest",49min,"Bench Press (Barbell)",5,120.0,7,0,0,,,
2022-12-30 19:37:14,"Chest",49min,"Bench Press (Barbell)",6,115.0,8,0,0,,,
2022-12-30 19:37:14,"Chest",49min,"Bench Press (Barbell)",7,105.0,7,0,0,,,
2022-12-30 19:37:14,"Chest",49min,"Bench Press (Barbell)",8,95.0,7,0,0,,,
2022-12-30 19:37:14,"Chest",49min,"Bench Press (Barbell)",1,65.0,10,0,0,"","",
2022-12-30 19:37:14,"Chest",49min,"Bench Press (Barbell)",2,85.0,10,0,0,,,
2022-12-30 19:37:14,"Chest",49min,"Bench Press (Barbell)",3,130.0,8,0,0,,,
2022-12-30 19:37:14,"Chest",49min,"Bench Press (Barbell)",4,130.0,5,0,0,,,
2022-12-30 19:37:14,"Chest",49min,"Bench Press (Barbell)",5,120.0,7,0,0,,,
2022-12-30 19:37:14,"Chest",49min,"Bench Press (Barbell)",6,115.0,8,0,0,,,
2022-12-30 19:37:14,"Chest",49min,"Bench Press (Barbell)",7,105.0,7,0,0,,,
2022-12-30 19:37:14,"Chest",49min,"Bench Press (Barbell)",8,95.0,7,0,0,,,
2023-01-01 20:21:25,"Biceps",56min,"Bicep Curl (Barbell)",1,15.0,10,0,0,"","",
2023-01-01 20:21:25,"Biceps",56min,"Bicep Curl (Barbell)",2,35.0,10,0,0,,,
2023-01-01 20:21:25,"Biceps",56min,"Bicep Curl (Barbell)",3,55.0,8,0,0,,,
2023-01-01 20:21:25,"Biceps",56min,"Bicep Curl (Barbell)",4,55.0,7,0,0,,,
2023-01-01 20:21:25,"Biceps",56min,"Bicep Curl (Barbell)",5,50.0,7,0,0,,,
2023-01-01 20:21:25,"Biceps",56min,"Bicep Curl (Barbell)",6,50.0,6,0,0,,,
2023-01-01 20:21:25,"Biceps",56min,"Bicep Curl (Barbell)",7,45.0,7,0,0,,,
2023-01-01 20:21:25,"Biceps",56min,"Bicep Curl (Barbell)",8,45.0,6,0,0,,,
2023-01-03 18:21:43,"Chest",26h 19min,"Bench Press (Barbell)",1,65.0,10,0,0,"","",
2023-01-03 18:21:43,"Chest",26h 19min,"Bench Press (Barbell)",2,85.0,10,0,0,,,
2023-01-03 18:21:43,"Chest",26h 19min,"Bench Press (Barbell)",3,130.0,9,0,0,,,
2023-01-03 18:21:43,"Chest",26h 19min,"Bench Press (Barbell)",4,130.0,5,0,0,,,
2023-01-03 18:21:43,"Chest",26h 19min,"Bench Press (Barbell)",5,120.0,6,0,0,,,
2023-01-03 18:21:43,"Chest",26h 19min,"Bench Press (Barbell)",6,115.0,7,0,0,,,
2023-01-03 18:21:43,"Chest",26h 19min,"Bench Press (Barbell)",7,105.0,8,0,0,,,
2023-01-03 18:21:43,"Chest",26h 19min,"Bench Press (Barbell)",8,95.0,10,0,0,,,
2023-01-04 20:45:27,"Deadlift",35min,"Bent Over Row (Barbell)",1,25.0,10,0,0,"","",
2023-01-04 20:45:27,"Deadlift",35min,"Bent Over Row (Barbell)",2,45.0,10,0,0,,,
2023-01-04 20:45:27,"Deadlift",35min,"Bent Over Row (Barbell)",3,55.0,10,0,0,,,
2023-01-04 20:45:27,"Deadlift",35min,"Bent Over Row (Barbell)",4,55.0,10,0,0,,,
2023-01-04 20:45:27,"Deadlift",35min,"Bent Over Row (Barbell)",5,55.0,10,0,0,,,
2023-01-04 20:45:27,"Deadlift",35min,"Bent Over Row (Barbell)",6,55.0,10,0,0,,,
2023-01-04 20:45:27,"Deadlift",35min,"Bent Over Row (Barbell)",7,55.0,10,0,0,,,
2023-01-05 21:15:06,"Deadlift",40min,"Deadlift (Barbell)",1,105.0,10,0,0,"","",
2023-01-05 21:15:06,"Deadlift",40min,"Deadlift (Barbell)",2,125.0,10,0,0,,,
2023-01-05 21:15:06,"Deadlift",40min,"Deadlift (Barbell)",3,155.0,10,0,0,,,
2023-01-05 21:15:06,"Deadlift",40min,"Deadlift (Barbell)",4,155.0,10,0,0,,,
2023-01-05 21:15:06,"Deadlift",40min,"Deadlift (Barbell)",5,145.0,10,0,0,,,
2023-01-05 21:15:06,"Deadlift",40min,"Deadlift (Barbell)",6,145.0,8,0,0,,,
2023-01-05 21:15:06,"Deadlift",40min,"Deadlift (Barbell)",7,125.0,10,0,0,,,
2023-01-08 20:08:29,"Chest",50min,"Bench Press (Barbell)",1,65.0,10,0,0,"","",
2023-01-08 20:08:29,"Chest",50min,"Bench Press (Barbell)",2,105.0,5,0,0,,,
2023-01-08 20:08:29,"Chest",50min,"Bench Press (Barbell)",3,130.0,10,0,0,,,
2023-01-08 20:08:29,"Chest",50min,"Bench Press (Barbell)",4,130.0,7,0,0,,,
2023-01-08 20:08:29,"Chest",50min,"Bench Press (Barbell)",5,120.0,8,0,0,,,
2023-01-08 20:08:29,"Chest",50min,"Bench Press (Barbell)",6,120.0,5,0,0,,,
2023-01-08 20:08:29,"Chest",50min,"Bench Press (Barbell)",7,110.0,10,0,0,,,
2023-01-08 20:08:29,"Chest",50min,"Bench Press (Barbell)",8,110.0,8,0,0,,,
2023-01-09 15:48:23,"Biceps",28min,"Bicep Curl (Barbell)",1,15.0,10,0,0,"","",
2023-01-09 15:48:23,"Biceps",28min,"Bicep Curl (Barbell)",2,35.0,10,0,0,,,
2023-01-09 15:48:23,"Biceps",28min,"Bicep Curl (Barbell)",3,55.0,8,0,0,,,
2023-01-09 15:48:23,"Biceps",28min,"Bicep Curl (Barbell)",4,55.0,6,0,0,,,
2023-01-09 15:48:23,"Biceps",28min,"Bicep Curl (Barbell)",5,50.0,6,0,0,,,
2023-01-09 15:48:23,"Biceps",28min,"Bicep Curl (Barbell)",6,50.0,5,0,0,,,
2023-01-09 15:48:23,"Biceps",28min,"Bicep Curl (Barbell)",7,45.0,7,0,0,,,
2023-01-09 15:48:23,"Biceps",28min,"Bicep Curl (Barbell)",8,45.0,6,0,0,,,
2023-01-12 19:24:51,"Deadlift",25min,"Bent Over Row (Barbell)",1,25.0,10,0,0,"","",
2023-01-12 19:24:51,"Deadlift",25min,"Bent Over Row (Barbell)",2,45.0,10,0,0,,,
2023-01-12 19:24:51,"Deadlift",25min,"Bent Over Row (Barbell)",3,65.0,10,0,0,,,
2023-01-12 19:24:51,"Deadlift",25min,"Bent Over Row (Barbell)",4,65.0,10,0,0,,,
2023-01-12 19:24:51,"Deadlift",25min,"Bent Over Row (Barbell)",5,65.0,9,0,0,,,
2023-01-12 19:24:51,"Deadlift",25min,"Bent Over Row (Barbell)",6,65.0,7,0,0,,,
2023-01-12 19:24:51,"Deadlift",25min,"Bent Over Row (Barbell)",7,55.0,8,0,0,,,
2023-01-13 14:50:32,"Chest",54min,"Bench Press (Barbell)",1,65.0,10,0,0,"","",
2023-01-13 14:50:32,"Chest",54min,"Bench Press (Barbell)",2,105.0,5,0,0,,,
2023-01-13 14:50:32,"Chest",54min,"Bench Press (Barbell)",3,130.0,10,0,0,,,
2023-01-13 14:50:32,"Chest",54min,"Bench Press (Barbell)",4,130.0,7,0,0,,,
2023-01-13 14:50:32,"Chest",54min,"Bench Press (Barbell)",5,120.0,8,0,0,,,
2023-01-13 14:50:32,"Chest",54min,"Bench Press (Barbell)",6,120.0,5,0,0,,,
2023-01-13 14:50:32,"Chest",54min,"Bench Press (Barbell)",7,110.0,10,0,0,,,
2023-01-13 14:50:32,"Chest",54min,"Bench Press (Barbell)",8,110.0,8,0,0,,,
2023-01-15 18:55:52,"Deadlift",49min,"Deadlift (Barbell)",1,105.0,10,0,0,"","",
2023-01-15 18:55:52,"Deadlift",49min,"Deadlift (Barbell)",2,125.0,10,0,0,,,
2023-01-15 18:55:52,"Deadlift",49min,"Deadlift (Barbell)",3,160.0,10,0,0,,,
2023-01-15 18:55:52,"Deadlift",49min,"Deadlift (Barbell)",4,160.0,10,0,0,,,
2023-01-15 18:55:52,"Deadlift",49min,"Deadlift (Barbell)",5,145.0,10,0,0,,,
2023-01-15 18:55:52,"Deadlift",49min,"Deadlift (Barbell)",6,145.0,8,0,0,,,
2023-01-15 18:55:52,"Deadlift",49min,"Deadlift (Barbell)",7,125.0,10,0,0,,,
2023-01-16 13:23:48,"Biceps",35min,"Bicep Curl (Barbell)",1,15.0,10,0,0,"","",
2023-01-16 13:23:48,"Biceps",35min,"Bicep Curl (Barbell)",2,35.0,10,0,0,,,
2023-01-16 13:23:48,"Biceps",35min,"Bicep Curl (Barbell)",3,55.0,9,0,0,,,
2023-01-16 13:23:48,"Biceps",35min,"Bicep Curl (Barbell)",4,55.0,5,0,0,,,
2023-01-16 13:23:48,"Biceps",35min,"Bicep Curl (Barbell)",5,50.0,6,0,0,,,
2023-01-16 13:23:48,"Biceps",35min,"Bicep Curl (Barbell)",6,50.0,5,0,0,,,
2023-01-16 13:23:48,"Biceps",35min,"Bicep Curl (Barbell)",7,45.0,6,0,0,,,
2023-01-16 13:23:48,"Biceps",35min,"Bicep Curl (Barbell)",8,45.0,5,0,0,,,
2023-01-17 20:23:30,"Chest",50min,"Bench Press (Barbell)",1,65.0,10,0,0,"","",
2023-01-17 20:23:30,"Chest",50min,"Bench Press (Barbell)",2,105.0,5,0,0,,,
2023-01-17 20:23:30,"Chest",50min,"Bench Press (Barbell)",3,130.0,10,0,0,,,
2023-01-17 20:23:30,"Chest",50min,"Bench Press (Barbell)",4,130.0,6,0,0,,,
2023-01-17 20:23:30,"Chest",50min,"Bench Press (Barbell)",5,120.0,6,0,0,,,
2023-01-17 20:23:30,"Chest",50min,"Bench Press (Barbell)",6,120.0,6,0,0,,,
2023-01-17 20:23:30,"Chest",50min,"Bench Press (Barbell)",7,110.0,8,0,0,,,
2023-01-17 20:23:30,"Chest",50min,"Bench Press (Barbell)",8,110.0,8,0,0,,,
2023-01-18 20:35:42,"Biceps",3h 13min,"Bicep Curl (Barbell)",1,15.0,10,0,0,"","",
2023-01-18 20:35:42,"Biceps",3h 13min,"Bicep Curl (Barbell)",2,35.0,10,0,0,,,
2023-01-18 20:35:42,"Biceps",3h 13min,"Bicep Curl (Barbell)",3,55.0,9,0,0,,,
2023-01-18 20:35:42,"Biceps",3h 13min,"Bicep Curl (Barbell)",4,55.0,5,0,0,,,
2023-01-18 20:35:42,"Biceps",3h 13min,"Bicep Curl (Barbell)",5,50.0,7,0,0,,,
2023-01-18 20:35:42,"Biceps",3h 13min,"Bicep Curl (Barbell)",6,50.0,6,0,0,,,
2023-01-18 20:35:42,"Biceps",3h 13min,"Bicep Curl (Barbell)",7,45.0,7,0,0,,,
2023-01-18 20:35:42,"Biceps",3h 13min,"Bicep Curl (Barbell)",8,45.0,6,0,0,,,
2023-01-19 19:35:40,"Deadlift",40min,"Deadlift (Barbell)",1,105.0,8,0,0,"","",
2023-01-19 19:35:40,"Deadlift",40min,"Deadlift (Barbell)",2,130.0,5,0,0,,,
2023-01-19 19:35:40,"Deadlift",40min,"Deadlift (Barbell)",3,165.0,8,0,0,,,
2023-01-19 19:35:40,"Deadlift",40min,"Deadlift (Barbell)",4,165.0,8,0,0,,,
2023-01-19 19:35:40,"Deadlift",40min,"Deadlift (Barbell)",5,149.99999999999997,8,0,0,,,
2023-01-19 19:35:40,"Deadlift",40min,"Deadlift (Barbell)",6,149.99999999999997,8,0,0,,,
2023-01-19 19:35:40,"Deadlift",40min,"Deadlift (Barbell)",7,130.0,8,0,0,,,
2023-01-20 20:41:34,"Chest",49min,"Bench Press (Barbell)",1,65.0,10,0,0,"","",
2023-01-20 20:41:34,"Chest",49min,"Bench Press (Barbell)",2,105.0,5,0,0,,,
2023-01-20 20:41:34,"Chest",49min,"Bench Press (Barbell)",3,130.0,10,0,0,,,
2023-01-20 20:41:34,"Chest",49min,"Bench Press (Barbell)",4,130.0,7,0,0,,,
2023-01-20 20:41:34,"Chest",49min,"Bench Press (Barbell)",5,120.0,8,0,0,,,
2023-01-20 20:41:34,"Chest",49min,"Bench Press (Barbell)",6,120.0,6,0,0,,,
2023-01-20 20:41:34,"Chest",49min,"Bench Press (Barbell)",7,110.0,10,0,0,,,
2023-01-20 20:41:34,"Chest",49min,"Bench Press (Barbell)",8,110.0,7,0,0,,,
2023-01-22 22:01:34,"Shoulders",43min,"Seated Overhead Press (Barbell)",1,15.0,10,0,0,"","",
2023-01-22 22:01:34,"Shoulders",43min,"Seated Overhead Press (Barbell)",2,45.0,10,0,0,,,
2023-01-22 22:01:34,"Shoulders",43min,"Seated Overhead Press (Barbell)",3,65.0,9,0,0,,,
2023-01-22 22:01:34,"Shoulders",43min,"Seated Overhead Press (Barbell)",4,65.0,8,0,0,,,
2023-01-22 22:01:34,"Shoulders",43min,"Seated Overhead Press (Barbell)",5,55.0,9,0,0,,,
2023-01-22 22:01:34,"Shoulders",43min,"Seated Overhead Press (Barbell)",6,55.0,9,0,0,,,
2023-01-22 22:01:34,"Shoulders",43min,"Seated Overhead Press (Barbell)",7,55.0,6,0,0,,,
2023-01-23 20:11:10,"Biceps",2h 42min,"Bicep Curl (Barbell)",1,15.0,10,0,0,"","",
2023-01-23 20:11:10,"Biceps",2h 42min,"Bicep Curl (Barbell)",2,35.0,5,0,0,,,
2023-01-23 20:11:10,"Biceps",2h 42min,"Bicep Curl (Barbell)",3,55.0,9,0,0,,,
2023-01-23 20:11:10,"Biceps",2h 42min,"Bicep Curl (Barbell)",4,55.0,5,0,0,,,
2023-01-23 20:11:10,"Biceps",2h 42min,"Bicep Curl (Barbell)",5,50.0,6,0,0,,,
2023-01-23 20:11:10,"Biceps",2h 42min,"Bicep Curl (Barbell)",6,50.0,5,0,0,,,
2023-01-23 20:11:10,"Biceps",2h 42min,"Bicep Curl (Barbell)",7,45.0,6,0,0,,,
2023-01-23 20:11:10,"Biceps",2h 42min,"Bicep Curl (Barbell)",8,45.0,5,0,0,,,
2023-01-25 20:50:01,"Chest",1h 10min,"Bench Press (Barbell)",1,65.0,10,0,0,"","",
2023-01-25 20:50:01,"Chest",1h 10min,"Bench Press (Barbell)",2,105.0,5,0,0,,,
2023-01-25 20:50:01,"Chest",1h 10min,"Bench Press (Barbell)",3,130.0,10,0,0,,,
2023-01-25 20:50:01,"Chest",1h 10min,"Bench Press (Barbell)",4,130.0,7,0,0,,,
2023-01-25 20:50:01,"Chest",1h 10min,"Bench Press (Barbell)",5,120.0,8,0,0,,,
2023-01-25 20:50:01,"Chest",1h 10min,"Bench Press (Barbell)",6,120.0,6,0,0,,,
2023-01-25 20:50:01,"Chest",1h 10min,"Bench Press (Barbell)",7,110.0,9,0,0,,,
2023-01-25 20:50:01,"Chest",1h 10min,"Bench Press (Barbell)",8,110.0,7,0,0,,,
2023-01-26 21:27:28,"Deadlift",29min,"Bent Over Row (Barbell)",1,25.0,10,0,0,"","",
2023-01-26 21:27:28,"Deadlift",29min,"Bent Over Row (Barbell)",2,45.0,10,0,0,,,
2023-01-26 21:27:28,"Deadlift",29min,"Bent Over Row (Barbell)",3,65.0,10,0,0,,,
2023-01-26 21:27:28,"Deadlift",29min,"Bent Over Row (Barbell)",4,65.0,8,0,0,,,
2023-01-26 21:27:28,"Deadlift",29min,"Bent Over Row (Barbell)",5,60.0,6,0,0,,,
2023-01-26 21:27:28,"Deadlift",29min,"Bent Over Row (Barbell)",6,55.0,10,0,0,,,
2023-01-26 21:27:28,"Deadlift",29min,"Bent Over Row (Barbell)",7,55.0,9,0,0,,,
2023-01-27 22:17:35,"Biceps",25min,"Bicep Curl (Barbell)",1,15.0,10,0,0,"","",
2023-01-27 22:17:35,"Biceps",25min,"Bicep Curl (Barbell)",2,35.0,5,0,0,,,
2023-01-27 22:17:35,"Biceps",25min,"Bicep Curl (Barbell)",3,55.0,7,0,0,,,
2023-01-27 22:17:35,"Biceps",25min,"Bicep Curl (Barbell)",4,55.0,5,0,0,,,
2023-01-27 22:17:35,"Biceps",25min,"Bicep Curl (Barbell)",5,50.0,6,0,0,,,
2023-01-27 22:17:35,"Biceps",25min,"Bicep Curl (Barbell)",6,50.0,5,0,0,,,
2023-01-27 22:17:35,"Biceps",25min,"Bicep Curl (Barbell)",7,45.0,6,0,0,,,
2023-01-27 22:17:35,"Biceps",25min,"Bicep Curl (Barbell)",8,45.0,5,0,0,,,
2023-01-28 21:53:19,"Shoulders",30min,"Seated Overhead Press (Barbell)",1,15.0,10,0,0,"","",
2023-01-28 21:53:19,"Shoulders",30min,"Seated Overhead Press (Barbell)",2,35.0,5,0,0,,,
2023-01-28 21:53:19,"Shoulders",30min,"Seated Overhead Press (Barbell)",3,55.0,8,0,0,,,
2023-01-28 21:53:19,"Shoulders",30min,"Seated Overhead Press (Barbell)",4,55.0,6,0,0,,,
2023-01-28 21:53:19,"Shoulders",30min,"Seated Overhead Press (Barbell)",5,45.0,8,0,0,,,
2023-01-28 21:53:19,"Shoulders",30min,"Seated Overhead Press (Barbell)",6,45.0,6,0,0,,,
2023-01-28 21:53:19,"Shoulders",30min,"Seated Overhead Press (Barbell)",7,40.0,8,0,0,,,
2023-01-29 23:15:24,"Legs",36min,"Squat (Barbell)",1,65.0,10,0,0,"","",
2023-01-29 23:15:24,"Legs",36min,"Squat (Barbell)",2,85.0,5,0,0,,,
2023-01-29 23:15:24,"Legs",36min,"Squat (Barbell)",3,115.0,10,0,0,,,
2023-01-29 23:15:24,"Legs",36min,"Squat (Barbell)",4,115.0,8,0,0,,,
2023-01-29 23:15:24,"Legs",36min,"Squat (Barbell)",5,115.0,7,0,0,,,
2023-01-29 23:15:24,"Legs",36min,"Squat (Barbell)",6,105.0,10,0,0,,,
2023-01-29 23:15:24,"Legs",36min,"Squat (Barbell)",7,105.0,8,0,0,,,
2023-01-31 15:59:42,"Chest",1h 54min,"Bench Press (Barbell)",1,65.0,10,0,0,"","",
2023-01-31 15:59:42,"Chest",1h 54min,"Bench Press (Barbell)",2,105.0,5,0,0,,,
2023-01-31 15:59:42,"Chest",1h 54min,"Bench Press (Barbell)",3,130.0,10,0,0,,,
2023-01-31 15:59:42,"Chest",1h 54min,"Bench Press (Barbell)",4,130.0,7,0,0,,,
2023-01-31 15:59:42,"Chest",1h 54min,"Bench Press (Barbell)",5,120.0,8,0,0,,,
2023-01-31 15:59:42,"Chest",1h 54min,"Bench Press (Barbell)",6,120.0,6,0,0,,,
2023-01-31 15:59:42,"Chest",1h 54min,"Bench Press (Barbell)",7,110.0,8,0,0,,,
2023-01-31 15:59:42,"Chest",1h 54min,"Bench Press (Barbell)",8,110.0,7,0,0,,,
2023-02-03 23:43:43,"Biceps",36min,"Bicep Curl (Barbell)",1,15.0,10,0,0,"","",
2023-02-03 23:43:43,"Biceps",36min,"Bicep Curl (Barbell)",2,35.0,5,0,0,,,
2023-02-03 23:43:43,"Biceps",36min,"Bicep Curl (Barbell)",3,55.0,9,0,0,,,
2023-02-03 23:43:43,"Biceps",36min,"Bicep Curl (Barbell)",4,55.0,5,0,0,,,
2023-02-03 23:43:43,"Biceps",36min,"Bicep Curl (Barbell)",5,50.0,6,0,0,,,
2023-02-03 23:43:43,"Biceps",36min,"Bicep Curl (Barbell)",6,50.0,6,0,0,,,
2023-02-03 23:43:43,"Biceps",36min,"Bicep Curl (Barbell)",7,45.0,6,0,0,,,
2023-02-03 23:43:43,"Biceps",36min,"Bicep Curl (Barbell)",8,45.0,6,0,0,,,
2023-02-04 19:31:42,"Chest",59min,"Bench Press (Barbell)",1,65.0,10,0,0,"","",
2023-02-04 19:31:42,"Chest",59min,"Bench Press (Barbell)",2,105.0,5,0,0,,,
2023-02-04 19:31:42,"Chest",59min,"Bench Press (Barbell)",3,130.0,10,0,0,,,
2023-02-04 19:31:42,"Chest",59min,"Bench Press (Barbell)",4,130.0,7,0,0,,,
2023-02-04 19:31:42,"Chest",59min,"Bench Press (Barbell)",5,120.0,8,0,0,,,
2023-02-04 19:31:42,"Chest",59min,"Bench Press (Barbell)",6,120.0,6,0,0,,,
2023-02-04 19:31:42,"Chest",59min,"Bench Press (Barbell)",7,110.0,9,0,0,,,
2023-02-04 19:31:42,"Chest",59min,"Bench Press (Barbell)",8,110.0,7,0,0,,,
2023-02-05 21:55:58,"Shoulders",32min,"Seated Overhead Press (Barbell)",1,15.0,10,0,0,"","",
2023-02-05 21:55:58,"Shoulders",32min,"Seated Overhead Press (Barbell)",2,35.0,5,0,0,,,
2023-02-05 21:55:58,"Shoulders",32min,"Seated Overhead Press (Barbell)",3,55.0,8,0,0,,,
2023-02-05 21:55:58,"Shoulders",32min,"Seated Overhead Press (Barbell)",4,55.0,6,0,0,,,
2023-02-05 21:55:58,"Shoulders",32min,"Seated Overhead Press (Barbell)",5,50.0,6,0,0,,,
2023-02-05 21:55:58,"Shoulders",32min,"Seated Overhead Press (Barbell)",6,45.0,8,0,0,,,
2023-02-05 21:55:58,"Shoulders",32min,"Seated Overhead Press (Barbell)",7,45.0,6,0,0,,,
2023-02-07 21:29:06,"Biceps",36min,"Bicep Curl (Barbell)",1,15.0,10,0,0,"","",
2023-02-07 21:29:06,"Biceps",36min,"Bicep Curl (Barbell)",2,35.0,5,0,0,,,
2023-02-07 21:29:06,"Biceps",36min,"Bicep Curl (Barbell)",3,60.0,7,0,0,,,
2023-02-07 21:29:06,"Biceps",36min,"Bicep Curl (Barbell)",4,60.0,5,0,0,,,
2023-02-07 21:29:06,"Biceps",36min,"Bicep Curl (Barbell)",5,55.0,6,0,0,,,
2023-02-07 21:29:06,"Biceps",36min,"Bicep Curl (Barbell)",6,55.0,5,0,0,,,
2023-02-07 21:29:06,"Biceps",36min,"Bicep Curl (Barbell)",7,50.0,5,0,0,,,
2023-02-07 21:29:06,"Biceps",36min,"Bicep Curl (Barbell)",8,45.0,7,0,0,,,
2023-02-08 22:33:41,"Chest",46h 23min,"Bench Press (Barbell)",1,65.0,10,0,0,"","",
2023-02-08 22:33:41,"Chest",46h 23min,"Bench Press (Barbell)",2,105.0,5,0,0,,,
2023-02-08 22:33:41,"Chest",46h 23min,"Bench Press (Barbell)",3,135.0,8,0,0,,,
2023-02-08 22:33:41,"Chest",46h 23min,"Bench Press (Barbell)",4,135.0,5,0,0,,,
2023-02-08 22:33:41,"Chest",46h 23min,"Bench Press (Barbell)",5,125.0,6,0,0,,,
2023-02-08 22:33:41,"Chest",46h 23min,"Bench Press (Barbell)",6,125.0,6,0,0,,,
2023-02-08 22:33:41,"Chest",46h 23min,"Bench Press (Barbell)",7,115.0,9,0,0,,,
2023-02-08 22:33:41,"Chest",46h 23min,"Bench Press (Barbell)",8,115.0,7,0,0,,,
2023-02-10 20:59:01,"Shoulders",22min,"Seated Overhead Press (Barbell)",1,15.0,10,0,0,"","",
2023-02-10 20:59:01,"Shoulders",22min,"Seated Overhead Press (Barbell)",2,35.0,5,0,0,,,
2023-02-10 20:59:01,"Shoulders",22min,"Seated Overhead Press (Barbell)",3,55.0,8,0,0,,,
2023-02-10 20:59:01,"Shoulders",22min,"Seated Overhead Press (Barbell)",4,55.0,6,0,0,,,
2023-02-10 20:59:01,"Shoulders",22min,"Seated Overhead Press (Barbell)",5,50.0,6,0,0,,,
2023-02-10 20:59:01,"Shoulders",22min,"Seated Overhead Press (Barbell)",6,45.0,8,0,0,,,
2023-02-10 20:59:01,"Shoulders",22min,"Seated Overhead Press (Barbell)",7,45.0,6,0,0,,,
2023-02-10 20:59:01,"Shoulders",22min,"Seated Overhead Press (Barbell)",1,15.0,10,0,0,"","",
2023-02-10 20:59:01,"Shoulders",22min,"Seated Overhead Press (Barbell)",2,35.0,5,0,0,,,
2023-02-10 20:59:01,"Shoulders",22min,"Seated Overhead Press (Barbell)",3,55.0,8,0,0,,,
2023-02-10 20:59:01,"Shoulders",22min,"Seated Overhead Press (Barbell)",4,55.0,6,0,0,,,
2023-02-10 20:59:01,"Shoulders",22min,"Seated Overhead Press (Barbell)",5,50.0,6,0,0,,,
2023-02-10 20:59:01,"Shoulders",22min,"Seated Overhead Press (Barbell)",6,45.0,8,0,0,,,
2023-02-10 20:59:01,"Shoulders",22min,"Seated Overhead Press (Barbell)",7,45.0,6,0,0,,,
2023-02-11 22:30:06,"Deadlift",12h 56min,"Bent Over Row (Barbell)",1,25.0,10,0,0,"","",
2023-02-11 22:30:06,"Deadlift",12h 56min,"Bent Over Row (Barbell)",2,45.0,10,0,0,,,
2023-02-11 22:30:06,"Deadlift",12h 56min,"Bent Over Row (Barbell)",3,60.0,10,0,0,,,
2023-02-11 22:30:06,"Deadlift",12h 56min,"Bent Over Row (Barbell)",4,60.0,8,0,0,,,
2023-02-11 22:30:06,"Deadlift",12h 56min,"Bent Over Row (Barbell)",5,60.0,6,0,0,,,
2023-02-11 22:30:06,"Deadlift",12h 56min,"Bent Over Row (Barbell)",6,55.0,10,0,0,,,
2023-02-11 22:30:06,"Deadlift",12h 56min,"Bent Over Row (Barbell)",7,55.0,9,0,0,,,
2023-02-12 16:44:47,"Chest",43min,"Bench Press (Barbell)",1,65.0,10,0,0,"","",
2023-02-12 16:44:47,"Chest",43min,"Bench Press (Barbell)",2,105.0,5,0,0,,,
2023-02-12 16:44:47,"Chest",43min,"Bench Press (Barbell)",3,135.0,8,0,0,,,
2023-02-12 16:44:47,"Chest",43min,"Bench Press (Barbell)",4,135.0,5,0,0,,,
2023-02-12 16:44:47,"Chest",43min,"Bench Press (Barbell)",5,125.0,7,0,0,,,
2023-02-12 16:44:47,"Chest",43min,"Bench Press (Barbell)",6,125.0,6,0,0,,,
2023-02-12 16:44:47,"Chest",43min,"Bench Press (Barbell)",7,115.0,10,0,0,,,
2023-02-12 16:44:47,"Chest",43min,"Bench Press (Barbell)",8,115.0,7,0,0,,,
2023-02-13 22:32:03,"Deadlift",38min,"Deadlift (Barbell)",1,105.0,8,0,0,"","",
2023-02-13 22:32:03,"Deadlift",38min,"Deadlift (Barbell)",2,135.0,5,0,0,,,
2023-02-13 22:32:03,"Deadlift",38min,"Deadlift (Barbell)",3,175.0,8,0,0,,,
2023-02-13 22:32:03,"Deadlift",38min,"Deadlift (Barbell)",4,175.0,6,0,0,,,
2023-02-13 22:32:03,"Deadlift",38min,"Deadlift (Barbell)",5,165.0,8,0,0,,,
2023-02-13 22:32:03,"Deadlift",38min,"Deadlift (Barbell)",6,165.0,6,0,0,,,
2023-02-13 22:32:03,"Deadlift",38min,"Deadlift (Barbell)",7,155.0,8,0,0,,,
2023-02-14 19:55:28,"Biceps",35min,"Bicep Curl (Barbell)",1,15.0,10,0,0,"","",
2023-02-14 19:55:28,"Biceps",35min,"Bicep Curl (Barbell)",2,35.0,5,0,0,,,
2023-02-14 19:55:28,"Biceps",35min,"Bicep Curl (Barbell)",3,60.0,7,0,0,,,
2023-02-14 19:55:28,"Biceps",35min,"Bicep Curl (Barbell)",4,60.0,5,0,0,,,
2023-02-14 19:55:28,"Biceps",35min,"Bicep Curl (Barbell)",5,55.0,6,0,0,,,
2023-02-14 19:55:28,"Biceps",35min,"Bicep Curl (Barbell)",6,55.0,5,0,0,,,
2023-02-14 19:55:28,"Biceps",35min,"Bicep Curl (Barbell)",7,50.0,5,0,0,,,
2023-02-14 19:55:28,"Biceps",35min,"Bicep Curl (Barbell)",8,45.0,7,0,0,,,
2023-02-16 21:58:53,"Shoulders",25min,"Seated Overhead Press (Barbell)",1,15.0,10,0,0,"","",
2023-02-16 21:58:53,"Shoulders",25min,"Seated Overhead Press (Barbell)",2,35.0,5,0,0,,,
2023-02-16 21:58:53,"Shoulders",25min,"Seated Overhead Press (Barbell)",3,55.0,8,0,0,,,
2023-02-16 21:58:53,"Shoulders",25min,"Seated Overhead Press (Barbell)",4,55.0,6,0,0,,,
2023-02-16 21:58:53,"Shoulders",25min,"Seated Overhead Press (Barbell)",5,50.0,8,0,0,,,
2023-02-16 21:58:53,"Shoulders",25min,"Seated Overhead Press (Barbell)",6,50.0,6,0,0,,,
2023-02-16 21:58:53,"Shoulders",25min,"Seated Overhead Press (Barbell)",7,45.0,8,0,0,,,
2023-02-17 17:50:29,"Chest",36min,"Bench Press (Barbell)",1,65.0,10,0,0,"","",
2023-02-17 17:50:29,"Chest",36min,"Bench Press (Barbell)",2,105.0,5,0,0,,,
2023-02-17 17:50:29,"Chest",36min,"Bench Press (Barbell)",3,135.0,8,0,0,,,
2023-02-17 17:50:29,"Chest",36min,"Bench Press (Barbell)",4,135.0,5,0,0,,,
2023-02-17 17:50:29,"Chest",36min,"Bench Press (Barbell)",5,125.0,7,0,0,,,
2023-02-17 17:50:29,"Chest",36min,"Bench Press (Barbell)",6,125.0,6,0,0,,,
2023-02-17 17:50:29,"Chest",36min,"Bench Press (Barbell)",7,115.0,10,0,0,,,
2023-02-17 17:50:29,"Chest",36min,"Bench Press (Barbell)",8,115.0,7,0,0,,,
2023-02-17 17:50:29,"Chest",36min,"Bench Press (Barbell)",1,65.0,10,0,0,"","",
2023-02-17 17:50:29,"Chest",36min,"Bench Press (Barbell)",2,105.0,5,0,0,,,
2023-02-17 17:50:29,"Chest",36min,"Bench Press (Barbell)",3,135.0,8,0,0,,,
2023-02-17 17:50:29,"Chest",36min,"Bench Press (Barbell)",4,135.0,5,0,0,,,
2023-02-17 17:50:29,"Chest",36min,"Bench Press (Barbell)",5,125.0,7,0,0,,,
2023-02-17 17:50:29,"Chest",36min,"Bench Press (Barbell)",6,125.0,6,0,0,,,
2023-02-17 17:50:29,"Chest",36min,"Bench Press (Barbell)",7,115.0,10,0,0,,,
2023-02-17 17:50:29,"Chest",36min,"Bench Press (Barbell)",8,115.0,7,0,0,,,
2023-02-20 15:35:07,"Chest",1h 53min,"Bench Press (Barbell)",1,65.0,10,0,0,"","",
2023-02-20 15:35:07,"Chest",1h 53min,"Bench Press (Barbell)",2,105.0,5,0,0,,,
2023-02-20 15:35:07,"Chest",1h 53min,"Bench Press (Barbell)",3,140.0,7,0,0,,,
2023-02-20 15:35:07,"Chest",1h 53min,"Bench Press (Barbell)",4,135.0,5,0,0,,,
2023-02-20 15:35:07,"Chest",1h 53min,"Bench Press (Barbell)",5,125.0,7,0,0,,,
2023-02-20 15:35:07,"Chest",1h 53min,"Bench Press (Barbell)",6,125.0,6,0,0,,,
2023-02-20 15:35:07,"Chest",1h 53min,"Bench Press (Barbell)",7,115.0,8,0,0,,,
2023-02-20 15:35:07,"Chest",1h 53min,"Bench Press (Barbell)",8,115.0,7,0,0,,,
2023-02-21 21:06:53,"Deadlift",1h 7min,"Deadlift (Barbell)",1,105.0,8,0,0,"","",
2023-02-21 21:06:53,"Deadlift",1h 7min,"Deadlift (Barbell)",2,135.0,5,0,0,,,
2023-02-21 21:06:53,"Deadlift",1h 7min,"Deadlift (Barbell)",3,175.0,8,0,0,,,
2023-02-21 21:06:53,"Deadlift",1h 7min,"Deadlift (Barbell)",4,175.0,6,0,0,,,
2023-02-21 21:06:53,"Deadlift",1h 7min,"Deadlift (Barbell)",5,165.0,8,0,0,,,
2023-02-21 21:06:53,"Deadlift",1h 7min,"Deadlift (Barbell)",6,165.0,6,0,0,,,
2023-02-21 21:06:53,"Deadlift",1h 7min,"Deadlift (Barbell)",7,155.0,8,0,0,,,
2023-02-22 21:53:38,"Biceps",57min,"Bicep Curl (Barbell)",1,15.0,10,0,0,"","",
2023-02-22 21:53:38,"Biceps",57min,"Bicep Curl (Barbell)",2,35.0,5,0,0,,,
2023-02-22 21:53:38,"Biceps",57min,"Bicep Curl (Barbell)",3,60.0,7,0,0,,,
2023-02-22 21:53:38,"Biceps",57min,"Bicep Curl (Barbell)",4,60.0,4,0,0,,,
2023-02-22 21:53:38,"Biceps",57min,"Bicep Curl (Barbell)",5,55.0,5,0,0,,,
2023-02-22 21:53:38,"Biceps",57min,"Bicep Curl (Barbell)",6,55.0,5,0,0,,,
2023-02-22 21:53:38,"Biceps",57min,"Bicep Curl (Barbell)",7,50.0,5,0,0,,,
2023-02-22 21:53:38,"Biceps",57min,"Bicep Curl (Barbell)",8,45.0,7,0,0,,,
2023-02-23 22:11:40,"Shoulders",39min,"Seated Overhead Press (Barbell)",1,15.0,10,0,0,"","",
2023-02-23 22:11:40,"Shoulders",39min,"Seated Overhead Press (Barbell)",2,35.0,5,0,0,,,
2023-02-23 22:11:40,"Shoulders",39min,"Seated Overhead Press (Barbell)",3,55.0,8,0,0,,,
2023-02-23 22:11:40,"Shoulders",39min,"Seated Overhead Press (Barbell)",4,55.0,6,0,0,,,
2023-02-23 22:11:40,"Shoulders",39min,"Seated Overhead Press (Barbell)",5,50.0,8,0,0,,,
2023-02-23 22:11:40,"Shoulders",39min,"Seated Overhead Press (Barbell)",6,50.0,6,0,0,,,
2023-02-23 22:11:40,"Shoulders",39min,"Seated Overhead Press (Barbell)",7,45.0,8,0,0,,,
2023-02-25 23:34:42,"Chest",1h 23min,"Bench Press (Barbell)",1,65.0,10,0,0,"","",
2023-02-25 23:34:42,"Chest",1h 23min,"Bench Press (Barbell)",2,105.0,5,0,0,,,
2023-02-25 23:34:42,"Chest",1h 23min,"Bench Press (Barbell)",3,140.0,7,0,0,,,
2023-02-25 23:34:42,"Chest",1h 23min,"Bench Press (Barbell)",4,135.0,6,0,0,,,
2023-02-25 23:34:42,"Chest",1h 23min,"Bench Press (Barbell)",5,125.0,7,0,0,,,
2023-02-25 23:34:42,"Chest",1h 23min,"Bench Press (Barbell)",6,125.0,6,0,0,,,
2023-02-25 23:34:42,"Chest",1h 23min,"Bench Press (Barbell)",7,115.0,8,0,0,,,
2023-02-25 23:34:42,"Chest",1h 23min,"Bench Press (Barbell)",8,115.0,7,0,0,,,
2023-02-26 21:31:45,"Legs",32min,"Squat (Barbell)",1,105.0,5,0,0,"","",
2023-02-26 21:31:45,"Legs",32min,"Squat (Barbell)",2,125.0,10,0,0,,,
2023-02-26 21:31:45,"Legs",32min,"Squat (Barbell)",3,125.0,8,0,0,,,
2023-02-26 21:31:45,"Legs",32min,"Squat (Barbell)",4,125.0,7,0,0,,,
2023-02-26 21:31:45,"Legs",32min,"Squat (Barbell)",5,115.0,10,0,0,,,
2023-02-26 21:31:45,"Legs",32min,"Squat (Barbell)",6,105.0,8,0,0,,,
2023-02-27 19:50:10,"Chest",40min,"Bench Press (Barbell)",1,65.0,10,0,0,"","",
2023-02-27 19:50:10,"Chest",40min,"Bench Press (Barbell)",2,105.0,5,0,0,,,
2023-02-27 19:50:10,"Chest",40min,"Bench Press (Barbell)",3,140.0,7,0,0,,,
2023-02-27 19:50:10,"Chest",40min,"Bench Press (Barbell)",4,135.0,6,0,0,,,
2023-02-27 19:50:10,"Chest",40min,"Bench Press (Barbell)",5,125.0,7,0,0,,,
2023-02-27 19:50:10,"Chest",40min,"Bench Press (Barbell)",6,125.0,6,0,0,,,
2023-02-27 19:50:10,"Chest",40min,"Bench Press (Barbell)",7,115.0,8,0,0,,,
2023-02-27 19:50:10,"Chest",40min,"Bench Press (Barbell)",8,115.0,7,0,0,,,
2023-02-28 22:09:18,"Biceps",49min,"Bicep Curl (Barbell)",1,15.0,10,0,0,"","",
2023-02-28 22:09:18,"Biceps",49min,"Bicep Curl (Barbell)",2,35.0,5,0,0,,,
2023-02-28 22:09:18,"Biceps",49min,"Bicep Curl (Barbell)",3,60.0,7,0,0,,,
2023-02-28 22:09:18,"Biceps",49min,"Bicep Curl (Barbell)",4,60.0,4,0,0,,,
2023-02-28 22:09:18,"Biceps",49min,"Bicep Curl (Barbell)",5,55.0,6,0,0,,,
2023-02-28 22:09:18,"Biceps",49min,"Bicep Curl (Barbell)",6,55.0,5,0,0,,,
2023-02-28 22:09:18,"Biceps",49min,"Bicep Curl (Barbell)",7,50.0,5,0,0,,,
2023-02-28 22:09:18,"Biceps",49min,"Bicep Curl (Barbell)",8,45.0,7,0,0,,,
2023-03-02 22:25:02,"Deadlift",32min,"Bent Over Row (Barbell)",1,25.0,10,0,0,"","",
2023-03-02 22:25:02,"Deadlift",32min,"Bent Over Row (Barbell)",2,45.0,10,0,0,,,
2023-03-02 22:25:02,"Deadlift",32min,"Bent Over Row (Barbell)",3,60.0,10,0,0,,,
2023-03-02 22:25:02,"Deadlift",32min,"Bent Over Row (Barbell)",4,60.0,8,0,0,,,
2023-03-02 22:25:02,"Deadlift",32min,"Bent Over Row (Barbell)",5,60.0,6,0,0,,,
2023-03-02 22:25:02,"Deadlift",32min,"Bent Over Row (Barbell)",6,55.0,10,0,0,,,
2023-03-02 22:25:02,"Deadlift",32min,"Bent Over Row (Barbell)",7,55.0,10,0,0,,,
2023-03-05 21:59:07,"Chest",37min,"Bench Press (Barbell)",1,65.0,10,0,0,"","",
2023-03-05 21:59:07,"Chest",37min,"Bench Press (Barbell)",2,105.0,5,0,0,,,
2023-03-05 21:59:07,"Chest",37min,"Bench Press (Barbell)",3,140.0,7,0,0,,,
2023-03-05 21:59:07,"Chest",37min,"Bench Press (Barbell)",4,135.0,6,0,0,,,
2023-03-05 21:59:07,"Chest",37min,"Bench Press (Barbell)",5,125.0,7,0,0,,,
2023-03-05 21:59:07,"Chest",37min,"Bench Press (Barbell)",6,125.0,6,0,0,,,
2023-03-05 21:59:07,"Chest",37min,"Bench Press (Barbell)",7,115.0,8,0,0,,,
2023-03-05 21:59:07,"Chest",37min,"Bench Press (Barbell)",8,115.0,7,0,0,,,
2023-03-08 17:31:06,"Chest",59min,"Bench Press (Barbell)",1,65.0,10,0,0,"","",
2023-03-08 17:31:06,"Chest",59min,"Bench Press (Barbell)",2,105.0,5,0,0,,,
2023-03-08 17:31:06,"Chest",59min,"Bench Press (Barbell)",3,140.0,8,0,0,,,
2023-03-08 17:31:06,"Chest",59min,"Bench Press (Barbell)",4,135.0,6,0,0,,,
2023-03-08 17:31:06,"Chest",59min,"Bench Press (Barbell)",5,125.0,7,0,0,,,
2023-03-08 17:31:06,"Chest",59min,"Bench Press (Barbell)",6,125.0,6,0,0,,,
2023-03-08 17:31:06,"Chest",59min,"Bench Press (Barbell)",7,115.0,8,0,0,,,
2023-03-08 17:31:06,"Chest",59min,"Bench Press (Barbell)",8,115.0,7,0,0,,,
2023-03-14 22:09:35,"Chest",50min,"Bench Press (Barbell)",1,65.0,10,0,0,"","",
2023-03-14 22:09:35,"Chest",50min,"Bench Press (Barbell)",2,105.0,5,0,0,,,
2023-03-14 22:09:35,"Chest",50min,"Bench Press (Barbell)",3,140.0,8,0,0,,,
2023-03-14 22:09:35,"Chest",50min,"Bench Press (Barbell)",4,135.0,6,0,0,,,
2023-03-14 22:09:35,"Chest",50min,"Bench Press (Barbell)",5,125.0,7,0,0,,,
2023-03-14 22:09:35,"Chest",50min,"Bench Press (Barbell)",6,125.0,6,0,0,,,
2023-03-14 22:09:35,"Chest",50min,"Bench Press (Barbell)",7,115.0,8,0,0,,,
2023-03-14 22:09:35,"Chest",50min,"Bench Press (Barbell)",8,115.0,7,0,0,,,
2023-03-16 21:07:12,"Biceps",51min,"Bicep Curl (Barbell)",1,15.0,10,0,0,"","",
2023-03-16 21:07:12,"Biceps",51min,"Bicep Curl (Barbell)",2,35.0,5,0,0,,,
2023-03-16 21:07:12,"Biceps",51min,"Bicep Curl (Barbell)",3,60.0,7,0,0,,,
2023-03-16 21:07:12,"Biceps",51min,"Bicep Curl (Barbell)",4,60.0,4,0,0,,,
2023-03-16 21:07:12,"Biceps",51min,"Bicep Curl (Barbell)",5,55.0,6,0,0,,,
2023-03-16 21:07:12,"Biceps",51min,"Bicep Curl (Barbell)",6,55.0,5,0,0,,,
2023-03-16 21:07:12,"Biceps",51min,"Bicep Curl (Barbell)",7,50.0,5,0,0,,,
2023-03-16 21:07:12,"Biceps",51min,"Bicep Curl (Barbell)",8,45.0,7,0,0,,,
2023-03-17 15:56:27,"Chest",38min,"Bench Press (Barbell)",1,65.0,10,0,0,"","",
2023-03-17 15:56:27,"Chest",38min,"Bench Press (Barbell)",2,105.0,5,0,0,,,
2023-03-17 15:56:27,"Chest",38min,"Bench Press (Barbell)",3,140.0,8,0,0,,,
2023-03-17 15:56:27,"Chest",38min,"Bench Press (Barbell)",4,135.0,6,0,0,,,
2023-03-17 15:56:27,"Chest",38min,"Bench Press (Barbell)",5,125.0,7,0,0,,,
2023-03-17 15:56:27,"Chest",38min,"Bench Press (Barbell)",6,125.0,6,0,0,,,
2023-03-17 15:56:27,"Chest",38min,"Bench Press (Barbell)",7,115.0,8,0,0,,,
2023-03-17 15:56:27,"Chest",38min,"Bench Press (Barbell)",8,115.0,7,0,0,,,
2023-03-17 15:56:27,"Chest",38min,"Bench Press (Barbell)",1,65.0,10,0,0,"","",
2023-03-17 15:56:27,"Chest",38min,"Bench Press (Barbell)",2,105.0,5,0,0,,,
2023-03-17 15:56:27,"Chest",38min,"Bench Press (Barbell)",3,140.0,8,0,0,,,
2023-03-17 15:56:27,"Chest",38min,"Bench Press (Barbell)",4,135.0,6,0,0,,,
2023-03-17 15:56:27,"Chest",38min,"Bench Press (Barbell)",5,125.0,7,0,0,,,
2023-03-17 15:56:27,"Chest",38min,"Bench Press (Barbell)",6,125.0,6,0,0,,,
2023-03-17 15:56:27,"Chest",38min,"Bench Press (Barbell)",7,115.0,8,0,0,,,
2023-03-17 15:56:27,"Chest",38min,"Bench Press (Barbell)",8,115.0,7,0,0,,,
2023-03-21 20:57:26,"Chest",51min,"Bench Press (Barbell)",1,65.0,10,0,0,"","",
2023-03-21 20:57:26,"Chest",51min,"Bench Press (Barbell)",2,105.0,5,0,0,,,
2023-03-21 20:57:26,"Chest",51min,"Bench Press (Barbell)",3,140.0,8,0,0,,,
2023-03-21 20:57:26,"Chest",51min,"Bench Press (Barbell)",4,135.0,7,0,0,,,
2023-03-21 20:57:26,"Chest",51min,"Bench Press (Barbell)",5,125.0,8,0,0,,,
2023-03-21 20:57:26,"Chest",51min,"Bench Press (Barbell)",6,125.0,6,0,0,,,
2023-03-21 20:57:26,"Chest",51min,"Bench Press (Barbell)",7,115.0,9,0,0,,,
2023-03-21 20:57:26,"Chest",51min,"Bench Press (Barbell)",8,115.0,9,0,0,,,
2023-03-22 17:33:09,"Biceps",44min,"Bicep Curl (Barbell)",1,15.0,10,0,0,"","",
2023-03-22 17:33:09,"Biceps",44min,"Bicep Curl (Barbell)",2,35.0,5,0,0,,,
2023-03-22 17:33:09,"Biceps",44min,"Bicep Curl (Barbell)",3,60.0,7,0,0,,,
2023-03-22 17:33:09,"Biceps",44min,"Bicep Curl (Barbell)",4,60.0,5,0,0,,,
2023-03-22 17:33:09,"Biceps",44min,"Bicep Curl (Barbell)",5,55.0,5,0,0,,,
2023-03-22 17:33:09,"Biceps",44min,"Bicep Curl (Barbell)",6,55.0,5,0,0,,,
2023-03-22 17:33:09,"Biceps",44min,"Bicep Curl (Barbell)",7,50.0,5,0,0,,,
2023-03-22 17:33:09,"Biceps",44min,"Bicep Curl (Barbell)",8,45.0,7,0,0,,,
2023-03-28 21:54:50,"Biceps",47min,"Bicep Curl (Barbell)",1,15.0,10,0,0,"","",
2023-03-28 21:54:50,"Biceps",47min,"Bicep Curl (Barbell)",2,35.0,5,0,0,,,
2023-03-28 21:54:50,"Biceps",47min,"Bicep Curl (Barbell)",3,60.0,7,0,0,,,
2023-03-28 21:54:50,"Biceps",47min,"Bicep Curl (Barbell)",4,60.0,5,0,0,,,
2023-03-28 21:54:50,"Biceps",47min,"Bicep Curl (Barbell)",5,55.0,6,0,0,,,
2023-03-28 21:54:50,"Biceps",47min,"Bicep Curl (Barbell)",6,55.0,5,0,0,,,
2023-03-28 21:54:50,"Biceps",47min,"Bicep Curl (Barbell)",7,50.0,5,0,0,,,
2023-03-28 21:54:50,"Biceps",47min,"Bicep Curl (Barbell)",8,45.0,7,0,0,,,
2023-03-29 21:29:17,"Shoulders",31min,"Seated Overhead Press (Barbell)",1,15.0,10,0,0,"","",
2023-03-29 21:29:17,"Shoulders",31min,"Seated Overhead Press (Barbell)",2,35.0,5,0,0,,,
2023-03-29 21:29:17,"Shoulders",31min,"Seated Overhead Press (Barbell)",3,60.0,8,0,0,,,
2023-03-29 21:29:17,"Shoulders",31min,"Seated Overhead Press (Barbell)",4,60.0,6,0,0,,,
2023-03-29 21:29:17,"Shoulders",31min,"Seated Overhead Press (Barbell)",5,55.0,8,0,0,,,
2023-03-29 21:29:17,"Shoulders",31min,"Seated Overhead Press (Barbell)",6,55.0,6,0,0,,,
2023-03-29 21:29:17,"Shoulders",31min,"Seated Overhead Press (Barbell)",7,50.0,8,0,0,,,
2023-03-31 14:34:56,"Chest",47min,"Bench Press (Barbell)",1,65.0,10,0,0,"","",
2023-03-31 14:34:56,"Chest",47min,"Bench Press (Barbell)",2,105.0,5,0,0,,,
2023-03-31 14:34:56,"Chest",47min,"Bench Press (Barbell)",3,140.0,8,0,0,,,
2023-03-31 14:34:56,"Chest",47min,"Bench Press (Barbell)",4,135.0,7,0,0,,,
2023-03-31 14:34:56,"Chest",47min,"Bench Press (Barbell)",5,125.0,8,0,0,,,
2023-03-31 14:34:56,"Chest",47min,"Bench Press (Barbell)",6,125.0,6,0,0,,,
2023-03-31 14:34:56,"Chest",47min,"Bench Press (Barbell)",7,115.0,9,0,0,,,
2023-03-31 14:34:56,"Chest",47min,"Bench Press (Barbell)",8,115.0,9,0,0,,,
2023-04-11 22:55:20,"Chest",40min,"Bench Press (Barbell)",1,65.0,10,0,0,"","",
2023-04-11 22:55:20,"Chest",40min,"Bench Press (Barbell)",2,105.0,5,0,0,,,
2023-04-11 22:55:20,"Chest",40min,"Bench Press (Barbell)",3,140.0,8,0,0,,,
2023-04-11 22:55:20,"Chest",40min,"Bench Press (Barbell)",4,135.0,7,0,0,,,
2023-04-11 22:55:20,"Chest",40min,"Bench Press (Barbell)",5,125.0,8,0,0,,,
2023-04-11 22:55:20,"Chest",40min,"Bench Press (Barbell)",6,125.0,6,0,0,,,
2023-04-11 22:55:20,"Chest",40min,"Bench Press (Barbell)",7,115.0,9,0,0,,,
2023-04-11 22:55:20,"Chest",40min,"Bench Press (Barbell)",8,115.0,9,0,0,,,
2023-04-18 17:54:23,"Chest",36min,"Bench Press (Barbell)",1,65.0,10,0,0,"","",
2023-04-18 17:54:23,"Chest",36min,"Bench Press (Barbell)",2,105.0,5,0,0,,,
2023-04-18 17:54:23,"Chest",36min,"Bench Press (Barbell)",3,140.0,8,0,0,,,
2023-04-18 17:54:23,"Chest",36min,"Bench Press (Barbell)",4,135.0,7,0,0,,,
2023-04-18 17:54:23,"Chest",36min,"Bench Press (Barbell)",5,125.0,8,0,0,,,
2023-04-18 17:54:23,"Chest",36min,"Bench Press (Barbell)",6,125.0,6,0,0,,,
2023-04-18 17:54:23,"Chest",36min,"Bench Press (Barbell)",7,115.0,9,0,0,,,
2023-04-18 17:54:23,"Chest",36min,"Bench Press (Barbell)",8,115.0,8,0,0,,,
2023-04-19 23:53:03,"Shoulders",2h,"Seated Overhead Press (Barbell)",1,15.0,10,0,0,"","",
2023-04-19 23:53:03,"Shoulders",2h,"Seated Overhead Press (Barbell)",2,35.0,5,0,0,,,
2023-04-19 23:53:03,"Shoulders",2h,"Seated Overhead Press (Barbell)",3,60.0,8,0,0,,,
2023-04-19 23:53:03,"Shoulders",2h,"Seated Overhead Press (Barbell)",4,60.0,6,0,0,,,
2023-04-19 23:53:03,"Shoulders",2h,"Seated Overhead Press (Barbell)",5,55.0,8,0,0,,,
2023-04-19 23:53:03,"Shoulders",2h,"Seated Overhead Press (Barbell)",6,55.0,6,0,0,,,
2023-04-19 23:53:03,"Shoulders",2h,"Seated Overhead Press (Barbell)",7,50.0,8,0,0,,,
2023-04-20 21:19:06,"Biceps",3h 20min,"Bicep Curl (Barbell)",1,15.0,10,0,0,"","",
2023-04-20 21:19:06,"Biceps",3h 20min,"Bicep Curl (Barbell)",2,35.0,5,0,0,,,
2023-04-20 21:19:06,"Biceps",3h 20min,"Bicep Curl (Barbell)",3,60.0,7,0,0,,,
2023-04-20 21:19:06,"Biceps",3h 20min,"Bicep Curl (Barbell)",4,60.0,5,0,0,,,
2023-04-20 21:19:06,"Biceps",3h 20min,"Bicep Curl (Barbell)",5,55.0,6,0,0,,,
2023-04-20 21:19:06,"Biceps",3h 20min,"Bicep Curl (Barbell)",6,55.0,5,0,0,,,
2023-04-20 21:19:06,"Biceps",3h 20min,"Bicep Curl (Barbell)",7,50.0,5,0,0,,,
2023-04-20 21:19:06,"Biceps",3h 20min,"Bicep Curl (Barbell)",8,45.0,7,0,0,,,
2023-04-21 17:26:49,"Chest",59min,"Bench Press (Barbell)",1,65.0,10,0,0,"","",
2023-04-21 17:26:49,"Chest",59min,"Bench Press (Barbell)",2,105.0,5,0,0,,,
2023-04-21 17:26:49,"Chest",59min,"Bench Press (Barbell)",3,145.0,8,0,0,,,
2023-04-21 17:26:49,"Chest",59min,"Bench Press (Barbell)",4,140.0,6,0,0,,,
2023-04-21 17:26:49,"Chest",59min,"Bench Press (Barbell)",5,130.0,8,0,0,,,
2023-04-21 17:26:49,"Chest",59min,"Bench Press (Barbell)",6,130.0,5,0,0,,,
2023-04-21 17:26:49,"Chest",59min,"Bench Press (Barbell)",7,120.0,6,0,0,,,
2023-04-21 17:26:49,"Chest",59min,"Bench Press (Barbell)",8,120.0,6,0,0,,,
2023-04-22 18:44:14,"Deadlift",37min,"Deadlift (Barbell)",1,105.0,8,0,0,"","",
2023-04-22 18:44:14,"Deadlift",37min,"Deadlift (Barbell)",2,135.0,5,0,0,,,
2023-04-22 18:44:14,"Deadlift",37min,"Deadlift (Barbell)",3,175.0,8,0,0,,,
2023-04-22 18:44:14,"Deadlift",37min,"Deadlift (Barbell)",4,175.0,6,0,0,,,
2023-04-22 18:44:14,"Deadlift",37min,"Deadlift (Barbell)",5,165.0,8,0,0,,,
2023-04-22 18:44:14,"Deadlift",37min,"Deadlift (Barbell)",6,165.0,6,0,0,,,
2023-04-22 18:44:14,"Deadlift",37min,"Deadlift (Barbell)",7,155.0,8,0,0,,,
2023-04-24 21:58:04,"Biceps",34min,"Bicep Curl (Barbell)",1,15.0,10,0,0,"","",
2023-04-24 21:58:04,"Biceps",34min,"Bicep Curl (Barbell)",2,35.0,5,0,0,,,
2023-04-24 21:58:04,"Biceps",34min,"Bicep Curl (Barbell)",3,60.0,7,0,0,,,
2023-04-24 21:58:04,"Biceps",34min,"Bicep Curl (Barbell)",4,60.0,5,0,0,,,
2023-04-24 21:58:04,"Biceps",34min,"Bicep Curl (Barbell)",5,55.0,6,0,0,,,
2023-04-24 21:58:04,"Biceps",34min,"Bicep Curl (Barbell)",6,55.0,5,0,0,,,
2023-04-24 21:58:04,"Biceps",34min,"Bicep Curl (Barbell)",7,50.0,5,0,0,,,
2023-04-24 21:58:04,"Biceps",34min,"Bicep Curl (Barbell)",8,45.0,7,0,0,,,
2023-04-25 21:25:29,"Shoulders",49min,"Seated Overhead Press (Barbell)",1,15.0,10,0,0,"","",
2023-04-25 21:25:29,"Shoulders",49min,"Seated Overhead Press (Barbell)",2,35.0,5,0,0,,,
2023-04-25 21:25:29,"Shoulders",49min,"Seated Overhead Press (Barbell)",3,65.0,7,0,0,,,
2023-04-25 21:25:29,"Shoulders",49min,"Seated Overhead Press (Barbell)",4,65.0,6,0,0,,,
2023-04-25 21:25:29,"Shoulders",49min,"Seated Overhead Press (Barbell)",5,60.0,7,0,0,,,
2023-04-25 21:25:29,"Shoulders",49min,"Seated Overhead Press (Barbell)",6,60.0,5,0,0,,,
2023-04-25 21:25:29,"Shoulders",49min,"Seated Overhead Press (Barbell)",7,55.0,7,0,0,,,
2023-04-26 21:41:26,"Chest",1h 32min,"Bench Press (Barbell)",1,65.0,10,0,0,"","",
2023-04-26 21:41:26,"Chest",1h 32min,"Bench Press (Barbell)",2,105.0,5,0,0,,,
2023-04-26 21:41:26,"Chest",1h 32min,"Bench Press (Barbell)",3,145.0,8,0,0,,,
2023-04-26 21:41:26,"Chest",1h 32min,"Bench Press (Barbell)",4,140.0,6,0,0,,,
2023-04-26 21:41:26,"Chest",1h 32min,"Bench Press (Barbell)",5,130.0,7,0,0,,,
2023-04-26 21:41:26,"Chest",1h 32min,"Bench Press (Barbell)",6,130.0,5,0,0,,,
2023-04-26 21:41:26,"Chest",1h 32min,"Bench Press (Barbell)",7,120.0,6,0,0,,,
2023-04-26 21:41:26,"Chest",1h 32min,"Bench Press (Barbell)",8,120.0,6,0,0,,,
2023-05-01 21:58:14,"Shoulders",40min,"Seated Overhead Press (Barbell)",1,15.0,10,0,0,"","",
2023-05-01 21:58:14,"Shoulders",40min,"Seated Overhead Press (Barbell)",2,35.0,5,0,0,,,
2023-05-01 21:58:14,"Shoulders",40min,"Seated Overhead Press (Barbell)",3,65.0,8,0,0,,,
2023-05-01 21:58:14,"Shoulders",40min,"Seated Overhead Press (Barbell)",4,65.0,6,0,0,,,
2023-05-01 21:58:14,"Shoulders",40min,"Seated Overhead Press (Barbell)",5,60.0,7,0,0,,,
2023-05-01 21:58:14,"Shoulders",40min,"Seated Overhead Press (Barbell)",6,60.0,5,0,0,,,
2023-05-01 21:58:14,"Shoulders",40min,"Seated Overhead Press (Barbell)",7,55.0,8,0,0,,,
2023-05-02 22:42:22,"Biceps",34min,"Bicep Curl (Barbell)",1,15.0,10,0,0,"","",
2023-05-02 22:42:22,"Biceps",34min,"Bicep Curl (Barbell)",2,35.0,5,0,0,,,
2023-05-02 22:42:22,"Biceps",34min,"Bicep Curl (Barbell)",3,65.0,6,0,0,,,
2023-05-02 22:42:22,"Biceps",34min,"Bicep Curl (Barbell)",4,65.0,4,0,0,,,
2023-05-02 22:42:22,"Biceps",34min,"Bicep Curl (Barbell)",5,60.0,4,0,0,,,
2023-05-02 22:42:22,"Biceps",34min,"Bicep Curl (Barbell)",6,55.0,5,0,0,,,
2023-05-02 22:42:22,"Biceps",34min,"Bicep Curl (Barbell)",7,50.0,6,0,0,,,
2023-05-02 22:42:22,"Biceps",34min,"Bicep Curl (Barbell)",8,50.0,5,0,0,,,
2023-05-03 17:49:52,"Deadlift",32min,"Bent Over Row (Barbell)",1,35.0,10,0,0,"","",
2023-05-03 17:49:52,"Deadlift",32min,"Bent Over Row (Barbell)",2,65.0,5,0,0,,,
2023-05-03 17:49:52,"Deadlift",32min,"Bent Over Row (Barbell)",3,70.0,10,0,0,,,
2023-05-03 17:49:52,"Deadlift",32min,"Bent Over Row (Barbell)",4,70.0,10,0,0,,,
2023-05-03 17:49:52,"Deadlift",32min,"Bent Over Row (Barbell)",5,70.0,8,0,0,,,
2023-05-03 17:49:52,"Deadlift",32min,"Bent Over Row (Barbell)",6,70.0,6,0,0,,,
2023-05-03 17:49:52,"Deadlift",32min,"Bent Over Row (Barbell)",7,70.0,5,0,0,,,
2023-05-08 20:01:42,"Chest",53min,"Bench Press (Barbell)",1,65.0,10,0,0,"","",
2023-05-08 20:01:42,"Chest",53min,"Bench Press (Barbell)",2,105.0,5,0,0,,,
2023-05-08 20:01:42,"Chest",53min,"Bench Press (Barbell)",3,145.0,9,0,0,,,
2023-05-08 20:01:42,"Chest",53min,"Bench Press (Barbell)",4,145.0,5,0,0,,,
2023-05-08 20:01:42,"Chest",53min,"Bench Press (Barbell)",5,135.0,6,0,0,,,
2023-05-08 20:01:42,"Chest",53min,"Bench Press (Barbell)",6,135.0,5,0,0,,,
2023-05-08 20:01:42,"Chest",53min,"Bench Press (Barbell)",7,125.0,6,0,0,,,
2023-05-08 20:01:42,"Chest",53min,"Bench Press (Barbell)",8,125.0,5,0,0,,,
2023-05-23 23:03:34,"Chest",45min,"Bench Press (Barbell)",1,65.0,10,0,0,"","",
2023-05-23 23:03:34,"Chest",45min,"Bench Press (Barbell)",2,105.0,5,0,0,,,
2023-05-23 23:03:34,"Chest",45min,"Bench Press (Barbell)",3,145.0,9,0,0,,,
2023-05-23 23:03:34,"Chest",45min,"Bench Press (Barbell)",4,145.0,5,0,0,,,
2023-05-23 23:03:34,"Chest",45min,"Bench Press (Barbell)",5,135.0,6,0,0,,,
2023-05-23 23:03:34,"Chest",45min,"Bench Press (Barbell)",6,135.0,5,0,0,,,
2023-05-23 23:03:34,"Chest",45min,"Bench Press (Barbell)",7,125.0,6,0,0,,,
2023-05-23 23:03:34,"Chest",45min,"Bench Press (Barbell)",8,125.0,5,0,0,,,
2023-05-24 22:24:23,"Biceps",39min,"Bicep Curl (Barbell)",1,15.0,10,0,0,"","",
2023-05-24 22:24:23,"Biceps",39min,"Bicep Curl (Barbell)",2,35.0,5,0,0,,,
2023-05-24 22:24:23,"Biceps",39min,"Bicep Curl (Barbell)",3,65.0,6,0,0,,,
2023-05-24 22:24:23,"Biceps",39min,"Bicep Curl (Barbell)",4,65.0,4,0,0,,,
2023-05-24 22:24:23,"Biceps",39min,"Bicep Curl (Barbell)",5,60.0,4,0,0,,,
2023-05-24 22:24:23,"Biceps",39min,"Bicep Curl (Barbell)",6,55.0,5,0,0,,,
2023-05-24 22:24:23,"Biceps",39min,"Bicep Curl (Barbell)",7,50.0,6,0,0,,,
2023-05-24 22:24:23,"Biceps",39min,"Bicep Curl (Barbell)",8,50.0,6,0,0,,,
2023-05-25 22:29:34,"Shoulders",42min,"Seated Overhead Press (Barbell)",1,15.0,10,0,0,"","",
2023-05-25 22:29:34,"Shoulders",42min,"Seated Overhead Press (Barbell)",2,35.0,5,0,0,,,
2023-05-25 22:29:34,"Shoulders",42min,"Seated Overhead Press (Barbell)",3,65.0,8,0,0,,,
2023-05-25 22:29:34,"Shoulders",42min,"Seated Overhead Press (Barbell)",4,65.0,6,0,0,,,
2023-05-25 22:29:34,"Shoulders",42min,"Seated Overhead Press (Barbell)",5,60.0,7,0,0,,,
2023-05-25 22:29:34,"Shoulders",42min,"Seated Overhead Press (Barbell)",6,60.0,5,0,0,,,
2023-05-25 22:29:34,"Shoulders",42min,"Seated Overhead Press (Barbell)",7,55.0,8,0,0,,,
2023-05-26 19:39:49,"Deadlift",33min,"Bent Over Row (Barbell)",1,35.0,10,0,0,"","",
2023-05-26 19:39:49,"Deadlift",33min,"Bent Over Row (Barbell)",2,65.0,5,0,0,,,
2023-05-26 19:39:49,"Deadlift",33min,"Bent Over Row (Barbell)",3,85.0,10,0,0,,,
2023-05-26 19:39:49,"Deadlift",33min,"Bent Over Row (Barbell)",4,85.0,8,0,0,,,
2023-05-26 19:39:49,"Deadlift",33min,"Bent Over Row (Barbell)",5,85.0,6,0,0,,,
2023-05-26 19:39:49,"Deadlift",33min,"Bent Over Row (Barbell)",6,74.99999999999999,8,0,0,,,
2023-05-26 19:39:49,"Deadlift",33min,"Bent Over Row (Barbell)",7,74.99999999999999,8,0,0,,,
2023-05-28 16:20:18,"Biceps",28min,"Bicep Curl (Barbell)",1,15.0,10,0,0,"","",
2023-05-28 16:20:18,"Biceps",28min,"Bicep Curl (Barbell)",2,35.0,5,0,0,,,
2023-05-28 16:20:18,"Biceps",28min,"Bicep Curl (Barbell)",3,65.0,6,0,0,,,
2023-05-28 16:20:18,"Biceps",28min,"Bicep Curl (Barbell)",4,65.0,4,0,0,,,
2023-05-28 16:20:18,"Biceps",28min,"Bicep Curl (Barbell)",5,60.0,4,0,0,,,
2023-05-28 16:20:18,"Biceps",28min,"Bicep Curl (Barbell)",6,55.0,5,0,0,,,
2023-05-28 16:20:18,"Biceps",28min,"Bicep Curl (Barbell)",7,50.0,6,0,0,,,
2023-05-28 16:20:18,"Biceps",28min,"Bicep Curl (Barbell)",8,50.0,6,0,0,,,
2023-05-29 18:40:29,"Shoulders",55min,"Seated Overhead Press (Barbell)",1,15.0,10,0,0,"","",
2023-05-29 18:40:29,"Shoulders",55min,"Seated Overhead Press (Barbell)",2,35.0,5,0,0,,,
2023-05-29 18:40:29,"Shoulders",55min,"Seated Overhead Press (Barbell)",3,70.0,9,0,0,,,
2023-05-29 18:40:29,"Shoulders",55min,"Seated Overhead Press (Barbell)",4,70.0,6,0,0,,,
2023-05-29 18:40:29,"Shoulders",55min,"Seated Overhead Press (Barbell)",5,70.0,5,0,0,,,
2023-05-29 18:40:29,"Shoulders",55min,"Seated Overhead Press (Barbell)",6,65.0,5,0,0,,,
2023-05-29 18:40:29,"Shoulders",55min,"Seated Overhead Press (Barbell)",7,65.0,3,0,0,,,
2023-05-31 20:39:07,"Chest",2h 15min,"Bench Press (Barbell)",1,65.0,10,0,0,"","",
2023-05-31 20:39:07,"Chest",2h 15min,"Bench Press (Barbell)",2,105.0,5,0,0,,,
2023-05-31 20:39:07,"Chest",2h 15min,"Bench Press (Barbell)",3,145.0,8,0,0,,,
2023-05-31 20:39:07,"Chest",2h 15min,"Bench Press (Barbell)",4,145.0,5,0,0,,,
2023-05-31 20:39:07,"Chest",2h 15min,"Bench Press (Barbell)",5,135.0,6,0,0,,,
2023-05-31 20:39:07,"Chest",2h 15min,"Bench Press (Barbell)",6,135.0,5,0,0,,,
2023-05-31 20:39:07,"Chest",2h 15min,"Bench Press (Barbell)",7,125.0,6,0,0,,,
2023-05-31 20:39:07,"Chest",2h 15min,"Bench Press (Barbell)",8,125.0,5,0,0,,,
2023-06-04 19:42:59,"Shoulders",34min,"Seated Overhead Press (Barbell)",1,15.0,10,0,0,"","",
2023-06-04 19:42:59,"Shoulders",34min,"Seated Overhead Press (Barbell)",2,35.0,5,0,0,,,
2023-06-04 19:42:59,"Shoulders",34min,"Seated Overhead Press (Barbell)",3,74.99999999999999,6,0,0,,,
2023-06-04 19:42:59,"Shoulders",34min,"Seated Overhead Press (Barbell)",4,74.99999999999999,4,0,0,,,
2023-06-04 19:42:59,"Shoulders",34min,"Seated Overhead Press (Barbell)",5,70.0,5,0,0,,,
2023-06-04 19:42:59,"Shoulders",34min,"Seated Overhead Press (Barbell)",6,70.0,4,0,0,,,
2023-06-04 19:42:59,"Shoulders",34min,"Seated Overhead Press (Barbell)",7,65.0,5,0,0,,,
2023-06-05 21:27:01,"Biceps",2h 27min,"Bicep Curl (Barbell)",1,15.0,10,0,0,"","",
2023-06-05 21:27:01,"Biceps",2h 27min,"Bicep Curl (Barbell)",2,35.0,5,0,0,,,
2023-06-05 21:27:01,"Biceps",2h 27min,"Bicep Curl (Barbell)",3,65.0,7,0,0,,,
2023-06-05 21:27:01,"Biceps",2h 27min,"Bicep Curl (Barbell)",4,65.0,4,0,0,,,
2023-06-05 21:27:01,"Biceps",2h 27min,"Bicep Curl (Barbell)",5,60.0,5,0,0,,,
2023-06-05 21:27:01,"Biceps",2h 27min,"Bicep Curl (Barbell)",6,60.0,4,0,0,,,
2023-06-05 21:27:01,"Biceps",2h 27min,"Bicep Curl (Barbell)",7,55.0,4,0,0,,,
2023-06-05 21:27:01,"Biceps",2h 27min,"Bicep Curl (Barbell)",8,55.0,4,0,0,,,
2023-06-06 21:11:39,"Chest",28min,"Bench Press (Barbell)",1,65.0,10,0,0,"","",
2023-06-06 21:11:39,"Chest",28min,"Bench Press (Barbell)",2,105.0,5,0,0,,,
2023-06-06 21:11:39,"Chest",28min,"Bench Press (Barbell)",3,145.0,8,0,0,,,
2023-06-06 21:11:39,"Chest",28min,"Bench Press (Barbell)",4,145.0,5,0,0,,,
2023-06-06 21:11:39,"Chest",28min,"Bench Press (Barbell)",5,135.0,6,0,0,,,
2023-06-06 21:11:39,"Chest",28min,"Bench Press (Barbell)",6,135.0,5,0,0,,,
2023-06-06 21:11:39,"Chest",28min,"Bench Press (Barbell)",7,125.0,6,0,0,,,
2023-06-06 21:11:39,"Chest",28min,"Bench Press (Barbell)",8,125.0,5,0,0,,,
2023-06-07 17:19:36,"Deadlift",32min,"Lat Pulldown (Cable)",1,40.0,10,0,0,"","",
2023-06-07 17:19:36,"Deadlift",32min,"Lat Pulldown (Cable)",2,60.0,5,0,0,,,
2023-06-07 17:19:36,"Deadlift",32min,"Lat Pulldown (Cable)",3,80.0,8,0,0,,,
2023-06-07 17:19:36,"Deadlift",32min,"Lat Pulldown (Cable)",4,80.0,6,0,0,,,
2023-06-07 17:19:36,"Deadlift",32min,"Lat Pulldown (Cable)",5,70.0,7,0,0,,,
2023-06-07 17:19:36,"Deadlift",32min,"Lat Pulldown (Cable)",6,70.0,6,0,0,,,
2023-06-07 17:19:36,"Deadlift",32min,"Lat Pulldown (Cable)",7,70.0,6,0,0,,,
2023-06-07 17:19:36,"Deadlift",32min,"Lat Pulldown (Cable)",8,60.0,7,0,0,,,
2023-06-09 21:56:01,"Shoulders",46min,"Seated Overhead Press (Barbell)",1,15.0,10,0,0,"","",
2023-06-09 21:56:01,"Shoulders",46min,"Seated Overhead Press (Barbell)",2,35.0,5,0,0,,,
2023-06-09 21:56:01,"Shoulders",46min,"Seated Overhead Press (Barbell)",3,80.0,5,0,0,,,
2023-06-09 21:56:01,"Shoulders",46min,"Seated Overhead Press (Barbell)",4,80.0,4,0,0,,,
2023-06-09 21:56:01,"Shoulders",46min,"Seated Overhead Press (Barbell)",5,74.99999999999999,5,0,0,,,
2023-06-09 21:56:01,"Shoulders",46min,"Seated Overhead Press (Barbell)",6,74.99999999999999,4,0,0,,,
2023-06-09 21:56:01,"Shoulders",46min,"Seated Overhead Press (Barbell)",7,70.0,5,0,0,,,
2023-06-11 22:48:15,"Biceps",33min,"Bicep Curl (Barbell)",1,15.0,10,0,0,"","",
2023-06-11 22:48:15,"Biceps",33min,"Bicep Curl (Barbell)",2,35.0,5,0,0,,,
2023-06-11 22:48:15,"Biceps",33min,"Bicep Curl (Barbell)",3,65.0,7,0,0,,,
2023-06-11 22:48:15,"Biceps",33min,"Bicep Curl (Barbell)",4,65.0,4,0,0,,,
2023-06-11 22:48:15,"Biceps",33min,"Bicep Curl (Barbell)",5,60.0,5,0,0,,,
2023-06-11 22:48:15,"Biceps",33min,"Bicep Curl (Barbell)",6,60.0,4,0,0,,,
2023-06-11 22:48:15,"Biceps",33min,"Bicep Curl (Barbell)",7,55.0,5,0,0,,,
2023-06-11 22:48:15,"Biceps",33min,"Bicep Curl (Barbell)",8,55.0,4,0,0,,,
2023-06-12 21:03:56,"Chest",56min,"Bench Press (Barbell)",1,65.0,10,0,0,"","",
2023-06-12 21:03:56,"Chest",56min,"Bench Press (Barbell)",2,105.0,5,0,0,,,
2023-06-12 21:03:56,"Chest",56min,"Bench Press (Barbell)",3,149.99999999999997,7,0,0,,,
2023-06-12 21:03:56,"Chest",56min,"Bench Press (Barbell)",4,149.99999999999997,5,0,0,,,
2023-06-12 21:03:56,"Chest",56min,"Bench Press (Barbell)",5,140.0,6,0,0,,,
2023-06-12 21:03:56,"Chest",56min,"Bench Press (Barbell)",6,140.0,5,0,0,,,
2023-06-12 21:03:56,"Chest",56min,"Bench Press (Barbell)",7,130.0,6,0,0,,,
2023-06-12 21:03:56,"Chest",56min,"Bench Press (Barbell)",8,130.0,5,0,0,,,
2023-06-13 16:16:25,"Deadlift",42min,"Lat Pulldown (Cable)",1,40.0,10,0,0,"","",
2023-06-13 16:16:25,"Deadlift",42min,"Lat Pulldown (Cable)",2,60.0,5,0,0,,,
2023-06-13 16:16:25,"Deadlift",42min,"Lat Pulldown (Cable)",3,90.0,6,0,0,,,
2023-06-13 16:16:25,"Deadlift",42min,"Lat Pulldown (Cable)",4,80.0,6,0,0,,,
2023-06-13 16:16:25,"Deadlift",42min,"Lat Pulldown (Cable)",5,80.0,5,0,0,,,
2023-06-13 16:16:25,"Deadlift",42min,"Lat Pulldown (Cable)",6,70.0,8,0,0,,,
2023-06-13 16:16:25,"Deadlift",42min,"Lat Pulldown (Cable)",7,70.0,7,0,0,,,
2023-06-13 16:16:25,"Deadlift",42min,"Lat Pulldown (Cable)",8,70.0,6,0,0,,,
2023-06-15 21:15:17,"Shoulders",1h 6min,"Seated Overhead Press (Barbell)",1,15.0,10,0,0,"","",
2023-06-15 21:15:17,"Shoulders",1h 6min,"Seated Overhead Press (Barbell)",2,65.0,5,0,0,,,
2023-06-15 21:15:17,"Shoulders",1h 6min,"Seated Overhead Press (Barbell)",3,85.0,4,0,0,,,
2023-06-15 21:15:17,"Shoulders",1h 6min,"Seated Overhead Press (Barbell)",4,80.0,5,0,0,,,
2023-06-15 21:15:17,"Shoulders",1h 6min,"Seated Overhead Press (Barbell)",5,80.0,4,0,0,,,
2023-06-15 21:15:17,"Shoulders",1h 6min,"Seated Overhead Press (Barbell)",6,74.99999999999999,5,0,0,,,
2023-06-15 21:15:17,"Shoulders",1h 6min,"Seated Overhead Press (Barbell)",7,74.99999999999999,5,0,0,,,
2023-06-15 22:22:00,"Biceps",55min,"Bicep Curl (Barbell)",1,15.0,10,0,0,"","",
2023-06-15 22:22:00,"Biceps",55min,"Bicep Curl (Barbell)",2,35.0,5,0,0,,,
2023-06-15 22:22:00,"Biceps",55min,"Bicep Curl (Barbell)",3,70.0,5,0,0,,,
2023-06-15 22:22:00,"Biceps",55min,"Bicep Curl (Barbell)",4,65.0,4,0,0,,,
2023-06-15 22:22:00,"Biceps",55min,"Bicep Curl (Barbell)",5,60.0,5,0,0,,,
2023-06-15 22:22:00,"Biceps",55min,"Bicep Curl (Barbell)",6,60.0,4,0,0,,,
2023-06-15 22:22:00,"Biceps",55min,"Bicep Curl (Barbell)",7,55.0,6,0,0,,,
2023-06-15 22:22:00,"Biceps",55min,"Bicep Curl (Barbell)",8,55.0,4,0,0,,,
2023-06-18 16:00:45,"Deadlift",1h 7min,"Lat Pulldown (Cable)",1,40.0,10,0,0,"","",
2023-06-18 16:00:45,"Deadlift",1h 7min,"Lat Pulldown (Cable)",2,60.0,5,0,0,,,
2023-06-18 16:00:45,"Deadlift",1h 7min,"Lat Pulldown (Cable)",3,90.0,6,0,0,,,
2023-06-18 16:00:45,"Deadlift",1h 7min,"Lat Pulldown (Cable)",4,80.0,6,0,0,,,
2023-06-18 16:00:45,"Deadlift",1h 7min,"Lat Pulldown (Cable)",5,80.0,5,0,0,,,
2023-06-18 16:00:45,"Deadlift",1h 7min,"Lat Pulldown (Cable)",6,70.0,8,0,0,,,
2023-06-18 16:00:45,"Deadlift",1h 7min,"Lat Pulldown (Cable)",7,70.0,7,0,0,,,
2023-06-18 16:00:45,"Deadlift",1h 7min,"Lat Pulldown (Cable)",8,70.0,6,0,0,,,
2023-06-18 16:07:44,"Legs",1h,"Leg Extension (Machine)",1,40.0,10,0,0,"","",
2023-06-18 16:07:44,"Legs",1h,"Leg Extension (Machine)",2,60.0,5,0,0,,,
2023-06-18 16:07:44,"Legs",1h,"Leg Extension (Machine)",3,90.0,6,0,0,,,
2023-06-18 16:07:44,"Legs",1h,"Leg Extension (Machine)",4,80.0,6,0,0,,,
2023-06-18 16:07:44,"Legs",1h,"Leg Extension (Machine)",5,80.0,5,0,0,,,
2023-06-18 16:07:44,"Legs",1h,"Leg Extension (Machine)",6,70.0,8,0,0,,,
2023-06-18 16:07:44,"Legs",1h,"Leg Extension (Machine)",7,70.0,7,0,0,,,
2023-06-18 16:07:44,"Legs",1h,"Leg Extension (Machine)",8,70.0,6,0,0,,,
2023-06-19 18:52:43,"Biceps",40min,"Preacher Curl (Barbell)",1,20.0,10,0,0,"","",
2023-06-19 18:52:43,"Biceps",40min,"Preacher Curl (Barbell)",2,30.0,5,0,0,,,
2023-06-19 18:52:43,"Biceps",40min,"Preacher Curl (Barbell)",3,50.0,8,0,0,,,
2023-06-19 18:52:43,"Biceps",40min,"Preacher Curl (Barbell)",4,50.0,7,0,0,,,
2023-06-19 18:52:43,"Biceps",40min,"Preacher Curl (Barbell)",5,50.0,6,0,0,,,
2023-06-19 18:52:43,"Biceps",40min,"Preacher Curl (Barbell)",6,50.0,5,0,0,,,
2023-06-19 18:52:43,"Biceps",40min,"Preacher Curl (Barbell)",7,40.0,8,0,0,,,
2023-06-19 18:52:43,"Biceps",40min,"Preacher Curl (Barbell)",8,40.0,8,0,0,,,
2023-06-19 19:13:57,"Chest",19min,"Triceps Pushdown (Cable - Straight Bar)",1,20.0,10,0,0,"","",
2023-06-19 19:13:57,"Chest",19min,"Triceps Pushdown (Cable - Straight Bar)",2,30.0,5,0,0,,,
2023-06-19 19:13:57,"Chest",19min,"Triceps Pushdown (Cable - Straight Bar)",3,50.0,8,0,0,,,
2023-06-19 19:13:57,"Chest",19min,"Triceps Pushdown (Cable - Straight Bar)",4,50.0,7,0,0,,,
2023-06-19 19:13:57,"Chest",19min,"Triceps Pushdown (Cable - Straight Bar)",5,50.0,6,0,0,,,
2023-06-19 19:13:57,"Chest",19min,"Triceps Pushdown (Cable - Straight Bar)",6,50.0,5,0,0,,,
2023-06-19 19:13:57,"Chest",19min,"Triceps Pushdown (Cable - Straight Bar)",7,40.0,8,0,0,,,
2023-06-19 19:13:57,"Chest",19min,"Triceps Pushdown (Cable - Straight Bar)",8,40.0,8,0,0,,,
2023-06-20 22:49:29,"Chest",1h 24min,"Bench Press (Barbell)",1,65.0,10,0,0,"","",
2023-06-20 22:49:29,"Chest",1h 24min,"Bench Press (Barbell)",2,105.0,5,0,0,,,
2023-06-20 22:49:29,"Chest",1h 24min,"Bench Press (Barbell)",3,149.99999999999997,8,0,0,,,
2023-06-20 22:49:29,"Chest",1h 24min,"Bench Press (Barbell)",4,149.99999999999997,5,0,0,,,
2023-06-20 22:49:29,"Chest",1h 24min,"Bench Press (Barbell)",5,140.0,6,0,0,,,
2023-06-20 22:49:29,"Chest",1h 24min,"Bench Press (Barbell)",6,140.0,5,0,0,,,
2023-06-20 22:49:29,"Chest",1h 24min,"Bench Press (Barbell)",7,130.0,7,0,0,,,
2023-06-20 22:49:29,"Chest",1h 24min,"Bench Press (Barbell)",8,130.0,5,0,0,,,
2023-06-22 22:07:53,"Biceps",43min,"Bicep Curl (Barbell)",1,15.0,10,0,0,"","",
2023-06-22 22:07:53,"Biceps",43min,"Bicep Curl (Barbell)",2,35.0,5,0,0,,,
2023-06-22 22:07:53,"Biceps",43min,"Bicep Curl (Barbell)",3,70.0,6,0,0,,,
2023-06-22 22:07:53,"Biceps",43min,"Bicep Curl (Barbell)",4,65.0,5,0,0,,,
2023-06-22 22:07:53,"Biceps",43min,"Bicep Curl (Barbell)",5,65.0,4,0,0,,,
2023-06-22 22:07:53,"Biceps",43min,"Bicep Curl (Barbell)",6,60.0,6,0,0,,,
2023-06-22 22:07:53,"Biceps",43min,"Bicep Curl (Barbell)",7,60.0,5,0,0,,,
2023-06-22 22:07:53,"Biceps",43min,"Bicep Curl (Barbell)",8,55.0,5,0,0,,,
2023-06-24 15:04:41,"Shoulders",1h 57min,"Seated Overhead Press (Barbell)",1,15.0,10,0,0,"","",
2023-06-24 15:04:41,"Shoulders",1h 57min,"Seated Overhead Press (Barbell)",2,65.0,5,0,0,,,
2023-06-24 15:04:41,"Shoulders",1h 57min,"Seated Overhead Press (Barbell)",3,85.0,4,0,0,,,
2023-06-24 15:04:41,"Shoulders",1h 57min,"Seated Overhead Press (Barbell)",4,80.0,5,0,0,,,
2023-06-24 15:04:41,"Shoulders",1h 57min,"Seated Overhead Press (Barbell)",5,80.0,4,0,0,,,
2023-06-24 15:04:41,"Shoulders",1h 57min,"Seated Overhead Press (Barbell)",6,74.99999999999999,5,0,0,,,
2023-06-24 15:04:41,"Shoulders",1h 57min,"Seated Overhead Press (Barbell)",7,74.99999999999999,5,0,0,,,
2023-06-26 21:29:27,"Biceps",44min,"Bicep Curl (Barbell)",1,15.0,10,0,0,"","",
2023-06-26 21:29:27,"Biceps",44min,"Bicep Curl (Barbell)",2,35.0,5,0,0,,,
2023-06-26 21:29:27,"Biceps",44min,"Bicep Curl (Barbell)",3,70.0,6,0,0,,,
2023-06-26 21:29:27,"Biceps",44min,"Bicep Curl (Barbell)",4,65.0,5,0,0,,,
2023-06-26 21:29:27,"Biceps",44min,"Bicep Curl (Barbell)",5,65.0,4,0,0,,,
2023-06-26 21:29:27,"Biceps",44min,"Bicep Curl (Barbell)",6,60.0,6,0,0,,,
2023-06-26 21:29:27,"Biceps",44min,"Bicep Curl (Barbell)",7,60.0,5,0,0,,,
2023-06-26 21:29:27,"Biceps",44min,"Bicep Curl (Barbell)",8,55.0,5,0,0,,,
2023-06-27 22:07:15,"Shoulders",58min,"Seated Overhead Press (Barbell)",1,15.0,10,0,0,"","",
2023-06-27 22:07:15,"Shoulders",58min,"Seated Overhead Press (Barbell)",2,65.0,5,0,0,,,
2023-06-27 22:07:15,"Shoulders",58min,"Seated Overhead Press (Barbell)",3,85.0,4,0,0,,,
2023-06-27 22:07:15,"Shoulders",58min,"Seated Overhead Press (Barbell)",4,80.0,5,0,0,,,
2023-06-27 22:07:15,"Shoulders",58min,"Seated Overhead Press (Barbell)",5,80.0,4,0,0,,,
2023-06-27 22:07:15,"Shoulders",58min,"Seated Overhead Press (Barbell)",6,74.99999999999999,5,0,0,,,
2023-06-27 22:07:15,"Shoulders",58min,"Seated Overhead Press (Barbell)",7,74.99999999999999,5,0,0,,,
2023-06-28 17:22:16,"Deadlift",49min,"Lat Pulldown (Cable)",1,40.0,10,0,0,"","",
2023-06-28 17:22:16,"Deadlift",49min,"Lat Pulldown (Cable)",2,60.0,5,0,0,,,
2023-06-28 17:22:16,"Deadlift",49min,"Lat Pulldown (Cable)",3,90.0,6,0,0,,,
2023-06-28 17:22:16,"Deadlift",49min,"Lat Pulldown (Cable)",4,80.0,6,0,0,,,
2023-06-28 17:22:16,"Deadlift",49min,"Lat Pulldown (Cable)",5,80.0,5,0,0,,,
2023-06-28 17:22:16,"Deadlift",49min,"Lat Pulldown (Cable)",6,70.0,8,0,0,,,
2023-06-28 17:22:16,"Deadlift",49min,"Lat Pulldown (Cable)",7,70.0,7,0,0,,,
2023-06-28 17:22:16,"Deadlift",49min,"Lat Pulldown (Cable)",8,70.0,6,0,0,,,
2023-06-28 17:25:11,"Legs",46min,"Leg Extension (Machine)",1,40.0,10,0,0,"","",
2023-06-28 17:25:11,"Legs",46min,"Leg Extension (Machine)",2,60.0,5,0,0,,,
2023-06-28 17:25:11,"Legs",46min,"Leg Extension (Machine)",3,90.0,6,0,0,,,
2023-06-28 17:25:11,"Legs",46min,"Leg Extension (Machine)",4,80.0,6,0,0,,,
2023-06-28 17:25:11,"Legs",46min,"Leg Extension (Machine)",5,80.0,5,0,0,,,
2023-06-28 17:25:11,"Legs",46min,"Leg Extension (Machine)",6,70.0,8,0,0,,,
2023-06-28 17:25:11,"Legs",46min,"Leg Extension (Machine)",7,70.0,7,0,0,,,
2023-06-28 17:25:11,"Legs",46min,"Leg Extension (Machine)",8,70.0,6,0,0,,,
2023-06-29 15:59:24,"Chest",1h 17min,"Bench Press (Barbell)",1,65.0,10,0,0,"","",
2023-06-29 15:59:24,"Chest",1h 17min,"Bench Press (Barbell)",2,105.0,5,0,0,,,
2023-06-29 15:59:24,"Chest",1h 17min,"Bench Press (Barbell)",3,155.0,7,0,0,,,
2023-06-29 15:59:24,"Chest",1h 17min,"Bench Press (Barbell)",4,149.99999999999997,5,0,0,,,
2023-06-29 15:59:24,"Chest",1h 17min,"Bench Press (Barbell)",5,140.0,6,0,0,,,
2023-06-29 15:59:24,"Chest",1h 17min,"Bench Press (Barbell)",6,140.0,5,0,0,,,
2023-06-29 15:59:24,"Chest",1h 17min,"Bench Press (Barbell)",7,130.0,7,0,0,,,
2023-06-29 15:59:24,"Chest",1h 17min,"Bench Press (Barbell)",8,130.0,5,0,0,,,
2023-07-03 14:30:16,"Deadlift",39min,"Lat Pulldown (Cable)",1,40.0,10,0,0,"","",
2023-07-03 14:30:16,"Deadlift",39min,"Lat Pulldown (Cable)",2,60.0,5,0,0,,,
2023-07-03 14:30:16,"Deadlift",39min,"Lat Pulldown (Cable)",3,90.0,6,0,0,,,
2023-07-03 14:30:16,"Deadlift",39min,"Lat Pulldown (Cable)",4,80.0,7,0,0,,,
2023-07-03 14:30:16,"Deadlift",39min,"Lat Pulldown (Cable)",5,80.0,6,0,0,,,
2023-07-03 14:30:16,"Deadlift",39min,"Lat Pulldown (Cable)",6,80.0,5,0,0,,,
2023-07-03 14:30:16,"Deadlift",39min,"Lat Pulldown (Cable)",7,70.0,8,0,0,,,
2023-07-03 14:30:16,"Deadlift",39min,"Lat Pulldown (Cable)",8,70.0,7,0,0,,,
2023-07-03 15:09:34,"Legs",50s,"Leg Extension (Machine)",1,40.0,10,0,0,"","",
2023-07-03 15:09:34,"Legs",50s,"Leg Extension (Machine)",2,60.0,5,0,0,,,
2023-07-03 15:09:34,"Legs",50s,"Leg Extension (Machine)",3,90.0,6,0,0,,,
2023-07-03 15:09:34,"Legs",50s,"Leg Extension (Machine)",4,80.0,7,0,0,,,
2023-07-03 15:09:34,"Legs",50s,"Leg Extension (Machine)",5,80.0,6,0,0,,,
2023-07-03 15:09:34,"Legs",50s,"Leg Extension (Machine)",6,80.0,5,0,0,,,
2023-07-03 15:09:34,"Legs",50s,"Leg Extension (Machine)",7,70.0,8,0,0,,,
2023-07-03 15:09:34,"Legs",50s,"Leg Extension (Machine)",8,70.0,7,0,0,,,
2023-07-04 22:01:14,"Biceps",35min,"Bicep Curl (Barbell)",1,15.0,10,0,0,"","",
2023-07-04 22:01:14,"Biceps",35min,"Bicep Curl (Barbell)",2,35.0,5,0,0,,,
2023-07-04 22:01:14,"Biceps",35min,"Bicep Curl (Barbell)",3,70.0,6,0,0,,,
2023-07-04 22:01:14,"Biceps",35min,"Bicep Curl (Barbell)",4,65.0,5,0,0,,,
2023-07-04 22:01:14,"Biceps",35min,"Bicep Curl (Barbell)",5,65.0,4,0,0,,,
2023-07-04 22:01:14,"Biceps",35min,"Bicep Curl (Barbell)",6,60.0,6,0,0,,,
2023-07-04 22:01:14,"Biceps",35min,"Bicep Curl (Barbell)",7,60.0,5,0,0,,,
2023-07-04 22:01:14,"Biceps",35min,"Bicep Curl (Barbell)",8,55.0,5,0,0,,,
2023-07-05 21:32:12,"Shoulders",1h 10min,"Seated Overhead Press (Barbell)",1,15.0,10,0,0,"","",
2023-07-05 21:32:12,"Shoulders",1h 10min,"Seated Overhead Press (Barbell)",2,65.0,5,0,0,,,
2023-07-05 21:32:12,"Shoulders",1h 10min,"Seated Overhead Press (Barbell)",3,85.0,5,0,0,,,
2023-07-05 21:32:12,"Shoulders",1h 10min,"Seated Overhead Press (Barbell)",4,80.0,6,0,0,,,
2023-07-05 21:32:12,"Shoulders",1h 10min,"Seated Overhead Press (Barbell)",5,80.0,5,0,0,,,
2023-07-05 21:32:12,"Shoulders",1h 10min,"Seated Overhead Press (Barbell)",6,74.99999999999999,5,0,0,,,
2023-07-05 21:32:12,"Shoulders",1h 10min,"Seated Overhead Press (Barbell)",7,74.99999999999999,5,0,0,,,
2023-07-06 22:14:15,"Chest",50min,"Bench Press (Barbell)",1,65.0,10,0,0,"","",
2023-07-06 22:14:15,"Chest",50min,"Bench Press (Barbell)",2,105.0,5,0,0,,,
2023-07-06 22:14:15,"Chest",50min,"Bench Press (Barbell)",3,155.0,7,0,0,,,
2023-07-06 22:14:15,"Chest",50min,"Bench Press (Barbell)",4,155.0,5,0,0,,,
2023-07-06 22:14:15,"Chest",50min,"Bench Press (Barbell)",5,145.0,6,0,0,,,
2023-07-06 22:14:15,"Chest",50min,"Bench Press (Barbell)",6,140.0,5,0,0,,,
2023-07-06 22:14:15,"Chest",50min,"Bench Press (Barbell)",7,130.0,7,0,0,,,
2023-07-07 21:07:51,"Biceps",37min,"Bicep Curl (Barbell)",1,15.0,10,0,0,"","",
2023-07-07 21:07:51,"Biceps",37min,"Bicep Curl (Barbell)",2,35.0,5,0,0,,,
2023-07-07 21:07:51,"Biceps",37min,"Bicep Curl (Barbell)",3,70.0,6,0,0,,,
2023-07-07 21:07:51,"Biceps",37min,"Bicep Curl (Barbell)",4,65.0,5,0,0,,,
2023-07-07 21:07:51,"Biceps",37min,"Bicep Curl (Barbell)",5,65.0,4,0,0,,,
2023-07-07 21:07:51,"Biceps",37min,"Bicep Curl (Barbell)",6,60.0,6,0,0,,,
2023-07-07 21:07:51,"Biceps",37min,"Bicep Curl (Barbell)",7,60.0,5,0,0,,,
2023-07-08 15:15:04,"Deadlift",47min,"Lat Pulldown (Cable)",1,40.0,10,0,0,"","",
2023-07-08 15:15:04,"Deadlift",47min,"Lat Pulldown (Cable)",2,60.0,5,0,0,,,
2023-07-08 15:15:04,"Deadlift",47min,"Lat Pulldown (Cable)",3,90.0,6,0,0,,,
2023-07-08 15:15:04,"Deadlift",47min,"Lat Pulldown (Cable)",4,90.0,5,0,0,,,
2023-07-08 15:15:04,"Deadlift",47min,"Lat Pulldown (Cable)",5,80.0,7,0,0,,,
2023-07-08 15:15:04,"Deadlift",47min,"Lat Pulldown (Cable)",6,80.0,6,0,0,,,
2023-07-08 15:15:04,"Deadlift",47min,"Lat Pulldown (Cable)",7,80.0,5,0,0,,,
2023-07-08 15:18:53,"Legs",45min,"Leg Extension (Machine)",1,40.0,10,0,0,"","",
2023-07-08 15:18:53,"Legs",45min,"Leg Extension (Machine)",2,60.0,5,0,0,,,
2023-07-08 15:18:53,"Legs",45min,"Leg Extension (Machine)",3,100.0,6,0,0,,,
2023-07-08 15:18:53,"Legs",45min,"Leg Extension (Machine)",4,100.0,5,0,0,,,
2023-07-08 15:18:53,"Legs",45min,"Leg Extension (Machine)",5,90.0,7,0,0,,,
2023-07-08 15:18:53,"Legs",45min,"Leg Extension (Machine)",6,90.0,6,0,0,,,
2023-07-08 15:18:53,"Legs",45min,"Leg Extension (Machine)",7,90.0,5,0,0,,,
2023-07-11 00:50:28,"Shoulders",10h 4min,"Seated Overhead Press (Barbell)",1,15.0,10,0,0,"","",
2023-07-11 00:50:28,"Shoulders",10h 4min,"Seated Overhead Press (Barbell)",2,65.0,5,0,0,,,
2023-07-11 00:50:28,"Shoulders",10h 4min,"Seated Overhead Press (Barbell)",3,85.0,5,0,0,,,
2023-07-11 00:50:28,"Shoulders",10h 4min,"Seated Overhead Press (Barbell)",4,80.0,6,0,0,,,
2023-07-11 00:50:28,"Shoulders",10h 4min,"Seated Overhead Press (Barbell)",5,80.0,5,0,0,,,
2023-07-11 00:50:28,"Shoulders",10h 4min,"Seated Overhead Press (Barbell)",6,74.99999999999999,6,0,0,,,
2023-07-11 00:50:28,"Shoulders",10h 4min,"Seated Overhead Press (Barbell)",7,74.99999999999999,5,0,0,,,
2023-07-11 19:03:15,"Biceps",51min,"Preacher Curl (Barbell)",1,20.0,10,0,0,"","",
2023-07-11 19:03:15,"Biceps",51min,"Preacher Curl (Barbell)",2,30.0,5,0,0,,,
2023-07-11 19:03:15,"Biceps",51min,"Preacher Curl (Barbell)",3,50.0,9,0,0,,,
2023-07-11 19:03:15,"Biceps",51min,"Preacher Curl (Barbell)",4,50.0,8,0,0,,,
2023-07-11 19:03:15,"Biceps",51min,"Preacher Curl (Barbell)",5,50.0,7,0,0,,,
2023-07-11 19:03:15,"Biceps",51min,"Preacher Curl (Barbell)",6,50.0,6,0,0,,,
2023-07-11 19:03:15,"Biceps",51min,"Preacher Curl (Barbell)",7,40.0,8,0,0,,,
2023-07-11 19:12:44,"Deadlift",41min,"Lat Pulldown (Cable)",1,40.0,10,0,0,"","",
2023-07-11 19:12:44,"Deadlift",41min,"Lat Pulldown (Cable)",2,60.0,5,0,0,,,
2023-07-11 19:12:44,"Deadlift",41min,"Lat Pulldown (Cable)",3,90.0,6,0,0,,,
2023-07-11 19:12:44,"Deadlift",41min,"Lat Pulldown (Cable)",4,90.0,5,0,0,,,
2023-07-11 19:12:44,"Deadlift",41min,"Lat Pulldown (Cable)",5,80.0,8,0,0,,,
2023-07-11 19:12:44,"Deadlift",41min,"Lat Pulldown (Cable)",6,80.0,7,0,0,,,
2023-07-11 19:12:44,"Deadlift",41min,"Lat Pulldown (Cable)",7,80.0,6,0,0,,,
2023-07-12 23:03:45,"Chest",45min,"Bench Press (Barbell)",1,65.0,10,0,0,"","",
2023-07-12 23:03:45,"Chest",45min,"Bench Press (Barbell)",2,105.0,5,0,0,,,
2023-07-12 23:03:45,"Chest",45min,"Bench Press (Barbell)",3,160.0,6,0,0,,,
2023-07-12 23:03:45,"Chest",45min,"Bench Press (Barbell)",4,155.0,5,0,0,,,
2023-07-12 23:03:45,"Chest",45min,"Bench Press (Barbell)",5,145.0,6,0,0,,,
2023-07-12 23:03:45,"Chest",45min,"Bench Press (Barbell)",6,140.0,5,0,0,,,
2023-07-12 23:03:45,"Chest",45min,"Bench Press (Barbell)",7,130.0,7,0,0,,,
2023-07-14 17:19:19,"Shoulders",1h 18min,"Seated Overhead Press (Barbell)",1,15.0,10,0,0,"","",
2023-07-14 17:19:19,"Shoulders",1h 18min,"Seated Overhead Press (Barbell)",2,65.0,5,0,0,,,
2023-07-14 17:19:19,"Shoulders",1h 18min,"Seated Overhead Press (Barbell)",3,85.0,6,0,0,,,
2023-07-14 17:19:19,"Shoulders",1h 18min,"Seated Overhead Press (Barbell)",4,85.0,5,0,0,,,
2023-07-14 17:19:19,"Shoulders",1h 18min,"Seated Overhead Press (Barbell)",5,80.0,5,0,0,,,
2023-07-14 17:19:19,"Shoulders",1h 18min,"Seated Overhead Press (Barbell)",6,74.99999999999999,6,0,0,,,
2023-07-14 17:19:19,"Shoulders",1h 18min,"Seated Overhead Press (Barbell)",7,74.99999999999999,5,0,0,,,
2023-07-15 17:31:56,"Legs",34min,"Leg Extension (Machine)",1,40.0,10,0,0,"","",
2023-07-15 17:31:56,"Legs",34min,"Leg Extension (Machine)",2,60.0,5,0,0,,,
2023-07-15 17:31:56,"Legs",34min,"Leg Extension (Machine)",3,100.0,6,0,0,,,
2023-07-15 17:31:56,"Legs",34min,"Leg Extension (Machine)",4,100.0,5,0,0,,,
2023-07-15 17:31:56,"Legs",34min,"Leg Extension (Machine)",5,90.0,8,0,0,,,
2023-07-15 17:31:56,"Legs",34min,"Leg Extension (Machine)",6,90.0,7,0,0,,,
2023-07-15 17:31:56,"Legs",34min,"Leg Extension (Machine)",7,90.0,6,0,0,,,
2023-07-15 18:11:11,"Deadlift",3min,"Lat Pulldown (Cable)",1,40.0,10,0,0,"","",
2023-07-15 18:11:11,"Deadlift",3min,"Lat Pulldown (Cable)",2,60.0,5,0,0,,,
2023-07-15 18:11:11,"Deadlift",3min,"Lat Pulldown (Cable)",3,90.0,6,0,0,,,
2023-07-15 18:11:11,"Deadlift",3min,"Lat Pulldown (Cable)",4,90.0,5,0,0,,,
2023-07-15 18:11:11,"Deadlift",3min,"Lat Pulldown (Cable)",5,80.0,8,0,0,,,
2023-07-15 18:11:11,"Deadlift",3min,"Lat Pulldown (Cable)",6,80.0,7,0,0,,,
2023-07-15 18:11:11,"Deadlift",3min,"Lat Pulldown (Cable)",7,80.0,6,0,0,,,
2023-07-15 18:11:11,"Deadlift",3min,"Cambered Bar Lat Pulldown",1,90.0,6,0,0,"",,
2023-07-15 18:11:11,"Deadlift",3min,"Cambered Bar Lat Pulldown",2,90.0,5,0,0,,,
2023-07-17 00:10:47,"Chest",58min,"Bench Press (Barbell)",1,65.0,10,0,0,"","",
2023-07-17 00:10:47,"Chest",58min,"Bench Press (Barbell)",2,105.0,5,0,0,,,
2023-07-17 00:10:47,"Chest",58min,"Bench Press (Barbell)",3,160.0,6,0,0,,,
2023-07-17 00:10:47,"Chest",58min,"Bench Press (Barbell)",4,155.0,5,0,0,,,
2023-07-17 00:10:47,"Chest",58min,"Bench Press (Barbell)",5,145.0,6,0,0,,,
2023-07-17 00:10:47,"Chest",58min,"Bench Press (Barbell)",6,140.0,5,0,0,,,
2023-07-17 00:10:47,"Chest",58min,"Bench Press (Barbell)",7,130.0,7,0,0,,,
2023-07-17 00:10:47,"Chest",58min,"Heavy Isometric Hold - Chest Press",1,195.0,10,0,0,"",,
2023-07-17 22:12:42,"Legs",42h 51min,"Squat (Barbell)",1,45.0,10,0,0,"","",
2023-07-17 22:12:42,"Legs",42h 51min,"Squat (Barbell)",2,105.0,10,0,0,,,
2023-07-17 22:12:42,"Legs",42h 51min,"Squat (Barbell)",3,140.0,6,0,0,,,
2023-07-17 22:12:42,"Legs",42h 51min,"Squat (Barbell)",4,140.0,5,0,0,,,
2023-07-17 22:12:42,"Legs",42h 51min,"Squat (Barbell)",5,130.0,6,0,0,,,
2023-07-17 22:12:42,"Legs",42h 51min,"Squat (Barbell)",6,130.0,5,0,0,,,
2023-07-17 22:12:42,"Legs",42h 51min,"Squat (Barbell)",7,120.0,7,0,0,,,
2023-07-18 22:53:29,"Biceps",1h 23min,"Bicep Curl (Barbell)",1,15.0,10,0,0,"","",
2023-07-18 22:53:29,"Biceps",1h 23min,"Bicep Curl (Barbell)",2,35.0,5,0,0,,,
2023-07-18 22:53:29,"Biceps",1h 23min,"Bicep Curl (Barbell)",3,70.0,6,0,0,,,
2023-07-18 22:53:29,"Biceps",1h 23min,"Bicep Curl (Barbell)",4,65.0,6,0,0,,,
2023-07-18 22:53:29,"Biceps",1h 23min,"Bicep Curl (Barbell)",5,65.0,5,0,0,,,
2023-07-18 22:53:29,"Biceps",1h 23min,"Bicep Curl (Barbell)",6,60.0,6,0,0,,,
2023-07-18 22:53:29,"Biceps",1h 23min,"Bicep Curl (Barbell)",7,60.0,5,0,0,,,
2023-07-19 16:33:03,"Deadlift",36min,"Lat Pulldown (Cable)",1,40.0,10,0,0,"","",
2023-07-19 16:33:03,"Deadlift",36min,"Lat Pulldown (Cable)",2,60.0,5,0,0,,,
2023-07-19 16:33:03,"Deadlift",36min,"Lat Pulldown (Cable)",3,90.0,7,0,0,,,
2023-07-19 16:33:03,"Deadlift",36min,"Lat Pulldown (Cable)",4,90.0,6,0,0,,,
2023-07-19 16:33:03,"Deadlift",36min,"Lat Pulldown (Cable)",5,90.0,5,0,0,,,
2023-07-19 16:33:03,"Deadlift",36min,"Lat Pulldown (Cable)",6,80.0,7,0,0,,,
2023-07-19 16:33:03,"Deadlift",36min,"Lat Pulldown (Cable)",7,80.0,6,0,0,,,
2023-07-19 16:33:03,"Deadlift",36min,"Cambered Bar Lat Pulldown",1,90.0,7,0,0,"",,
2023-07-19 16:33:03,"Deadlift",36min,"Cambered Bar Lat Pulldown",2,90.0,6,0,0,,,
2023-07-21 00:08:04,"Shoulders",41min,"Seated Overhead Press (Barbell)",1,15.0,10,0,0,"","",
2023-07-21 00:08:04,"Shoulders",41min,"Seated Overhead Press (Barbell)",2,65.0,5,0,0,,,
2023-07-21 00:08:04,"Shoulders",41min,"Seated Overhead Press (Barbell)",3,85.0,7,0,0,,,
2023-07-21 00:08:04,"Shoulders",41min,"Seated Overhead Press (Barbell)",4,85.0,5,0,0,,,
2023-07-21 00:08:04,"Shoulders",41min,"Seated Overhead Press (Barbell)",5,80.0,5,0,0,,,
2023-07-21 00:08:04,"Shoulders",41min,"Seated Overhead Press (Barbell)",6,74.99999999999999,6,0,0,,,
2023-07-21 00:08:04,"Shoulders",41min,"Seated Overhead Press (Barbell)",7,74.99999999999999,5,0,0,,,
